#
# There is insufficient memory for the Java Runtime Environment to continue.
# Native memory allocation (mmap) failed to map 65536 bytes. Error detail: Failed to commit metaspace.
# Possible reasons:
#   The system is out of physical RAM or swap space
#   This process is running with CompressedOops enabled, and the Java Heap may be blocking the growth of the native heap
# Possible solutions:
#   Reduce memory load on the system
#   Increase physical memory or swap space
#   Check if swap backing store is full
#   Decrease Java heap size (-Xmx/-Xms)
#   Decrease number of Java threads
#   Decrease Java thread stack sizes (-Xss)
#   Set larger code cache with -XX:ReservedCodeCacheSize=
#   JVM is running with Unscaled Compressed Oops mode in which the Java heap is
#     placed in the first 4GB address space. The Java Heap base address is the
#     maximum limit for the native heap growth. Please use -XX:HeapBaseMinAddress
#     to set the Java Heap base and to place the Java Heap above 4GB virtual address.
# This output file may be truncated or incomplete.
#
#  Out of Memory Error (virtualSpaceNode.cpp:113), pid=20920, tid=2372
#
# JRE version: OpenJDK Runtime Environment Temurin-26.0.2+10 (26.0.2.1+1) (build 26.0.2+10)
# Java VM: OpenJDK 64-Bit Server VM Temurin-26.0.2+10 (26.0.2.1+1, mixed mode, emulated-client, tiered, compressed oops, compressed class ptrs, g1 gc, windows-amd64)
# No core dump will be written. Minidumps are not enabled by default on client versions of Windows
#

---------------  S U M M A R Y ------------

Command Line: -Dstdout.encoding=UTF-8 -Dstderr.encoding=UTF-8 -XX:TieredStopAtLevel=1 com.example.inventory_service.InventoryServiceApplication

Host: Intel(R) Core(TM) i5-6200U CPU @ 2.30GHz, 4 cores, 7G,  Windows 10 , 64 bit Build 19041 (10.0.19041.5915)
Time: Thu Oct  8 17:55:07 2026 India Standard Time elapsed time: 3.988937 seconds (0d 0h 0m 3s)

---------------  T H R E A D  ---------------

Current thread (0x0000021d5d419660):  JavaThread "main"             [_thread_in_vm, id=2372, stack(0x00000058c4600000,0x00000058c4700000) (1024K)]

Stack: [0x00000058c4600000,0x00000058c4700000]
Native frames: (J=compiled Java code, j=interpreted, Vv=VM code, C=native code)
V  [jvm.dll+0x7dcd79]  (no source info available)
V  [jvm.dll+0x7a98ad]  (no source info available)
V  [jvm.dll+0xa461e0]  (no source info available)
V  [jvm.dll+0xa48631]  (no source info available)
V  [jvm.dll+0xa48d43]  (no source info available)
V  [jvm.dll+0x312fe6]  (no source info available)
V  [jvm.dll+0xa42fae]  (no source info available)
V  [jvm.dll+0x779be4]  (no source info available)
V  [jvm.dll+0x26cec8]  (no source info available)
V  [jvm.dll+0x26cc8e]  (no source info available)
V  [jvm.dll+0x77c61e]  (no source info available)
V  [jvm.dll+0x77c2d5]  (no source info available)
V  [jvm.dll+0x2afbf2]  (no source info available)
V  [jvm.dll+0x77a60e]  (no source info available)
V  [jvm.dll+0x78176c]  (no source info available)
V  [jvm.dll+0x29e565]  (no source info available)
V  [jvm.dll+0x29ea85]  (no source info available)
V  [jvm.dll+0x29f4be]  (no source info available)
V  [jvm.dll+0x294de0]  (no source info available)
V  [jvm.dll+0x6a4d94]  (no source info available)
V  [jvm.dll+0x9b31f4]  (no source info available)
V  [jvm.dll+0x9b32e4]  (no source info available)
V  [jvm.dll+0x537ade]  (no source info available)
V  [jvm.dll+0x53de88]  (no source info available)
C  [java.dll+0x17a6]  (no source info available)
C  0x0000021d666064fa  (no source info available)

The last pc belongs to native nmethod (printed below).
Java frames: (J=compiled Java code, j=interpreted, Vv=VM code)
J 647  java.lang.ClassLoader.defineClass1(Ljava/lang/ClassLoader;Ljava/lang/String;[BIILjava/security/ProtectionDomain;Ljava/lang/String;)Ljava/lang/Class; java.base@26.0.2 (0 bytes) @ 0x0000021d666064c1 [0x0000021d66606400+0x00000000000000c1]
J 926 c1 java.lang.ClassLoader.defineClass(Ljava/lang/String;[BIILjava/security/ProtectionDomain;)Ljava/lang/Class; java.base@26.0.2 (43 bytes) @ 0x0000021d6665811c [0x0000021d66658000+0x000000000000011c]
J 911 c1 jdk.internal.loader.BuiltinClassLoader.defineClass(Ljava/lang/String;Ljdk/internal/loader/Resource;)Ljava/lang/Class; java.base@26.0.2 (121 bytes) @ 0x0000021d66653f14 [0x0000021d66653c80+0x0000000000000294]
J 909 c1 jdk.internal.loader.BuiltinClassLoader.findClassOnClassPathOrNull(Ljava/lang/String;)Ljava/lang/Class; java.base@26.0.2 (38 bytes) @ 0x0000021d666535dc [0x0000021d66653380+0x000000000000025c]
J 494 c1 jdk.internal.loader.BuiltinClassLoader.loadClassOrNull(Ljava/lang/String;Z)Ljava/lang/Class; java.base@26.0.2 (143 bytes) @ 0x0000021d665db00c [0x0000021d665dac00+0x000000000000040c]
J 668 c1 jdk.internal.loader.BuiltinClassLoader.loadClass(Ljava/lang/String;Z)Ljava/lang/Class; java.base@26.0.2 (22 bytes) @ 0x0000021d6660c2dc [0x0000021d6660c280+0x000000000000005c]
J 667 c1 java.lang.ClassLoader.loadClass(Ljava/lang/String;)Ljava/lang/Class; java.base@26.0.2 (7 bytes) @ 0x0000021d6660bfd4 [0x0000021d6660bf80+0x0000000000000054]
v  ~StubRoutines::Stub Generator call_stub_stub 0x0000021d663318e2
J 2423  java.lang.Class.getDeclaredMethods0(Z)[Ljava/lang/reflect/Method; java.base@26.0.2 (0 bytes) @ 0x0000021d667f85c3 [0x0000021d667f8580+0x0000000000000043]
J 2192 c1 java.lang.Class.privateGetDeclaredMethods(Z)[Ljava/lang/reflect/Method; java.base@26.0.2 (56 bytes) @ 0x0000021d667b4b14 [0x0000021d667b4a80+0x0000000000000094]
J 3560 c1 org.springframework.util.ReflectionUtils.getDeclaredMethods(Ljava/lang/Class;Z)[Ljava/lang/reflect/Method; (186 bytes) @ 0x0000021d66934624 [0x0000021d66934580+0x00000000000000a4]
j  org.springframework.util.ReflectionUtils.doWithLocalMethods(Ljava/lang/Class;Lorg/springframework/util/ReflectionUtils$MethodCallback;)V+2
j  org.springframework.beans.factory.annotation.AutowiredAnnotationBeanPostProcessor.checkLookupMethods(Ljava/lang/Class;Ljava/lang/String;)V+33
j  org.springframework.beans.factory.annotation.AutowiredAnnotationBeanPostProcessor.determineCandidateConstructors(Ljava/lang/Class;Ljava/lang/String;)[Ljava/lang/reflect/Constructor;+3
j  org.springframework.beans.factory.support.AbstractAutowireCapableBeanFactory.determineConstructorsFromBeanPostProcessors(Ljava/lang/Class;Ljava/lang/String;)[Ljava/lang/reflect/Constructor;+48
j  org.springframework.beans.factory.support.AbstractAutowireCapableBeanFactory.createBeanInstance(Ljava/lang/String;Lorg/springframework/beans/factory/support/RootBeanDefinition;[Ljava/lang/Object;)Lorg/springframework/beans/BeanWrapper;+175
j  org.springframework.beans.factory.support.AbstractAutowireCapableBeanFactory.doCreateBean(Ljava/lang/String;Lorg/springframework/beans/factory/support/RootBeanDefinition;[Ljava/lang/Object;)Ljava/lang/Object;+34
j  org.springframework.beans.factory.support.AbstractAutowireCapableBeanFactory.createBean(Ljava/lang/String;Lorg/springframework/beans/factory/support/RootBeanDefinition;[Ljava/lang/Object;)Ljava/lang/Object;+153
j  org.springframework.beans.factory.support.AbstractBeanFactory.lambda$doGetBean$0(Ljava/lang/String;Lorg/springframework/beans/factory/support/RootBeanDefinition;[Ljava/lang/Object;)Ljava/lang/Object;+4
j  org.springframework.beans.factory.support.AbstractBeanFactory$$Lambda+0x00000000112d5038.getObject()Ljava/lang/Object;+16
j  org.springframework.beans.factory.support.DefaultSingletonBeanRegistry.getSingleton(Ljava/lang/String;Lorg/springframework/beans/factory/ObjectFactory;)Ljava/lang/Object;+897
J 2881 c1 org.springframework.beans.factory.support.AbstractBeanFactory.doGetBean(Ljava/lang/String;Ljava/lang/Class;[Ljava/lang/Object;Z)Ljava/lang/Object; (791 bytes) @ 0x0000021d66876f5c [0x0000021d66876880+0x00000000000006dc]
J 2885 c1 org.springframework.beans.factory.support.AbstractBeanFactory.getBean(Ljava/lang/String;Ljava/lang/Class;)Ljava/lang/Object; (9 bytes) @ 0x0000021d66878e54 [0x0000021d66878e00+0x0000000000000054]
j  org.springframework.context.support.PostProcessorRegistrationDelegate.registerBeanPostProcessors(Lorg/springframework/beans/factory/config/ConfigurableListableBeanFactory;Lorg/springframework/context/support/AbstractApplicationContext;)V+265
j  org.springframework.context.support.AbstractApplicationContext.registerBeanPostProcessors(Lorg/springframework/beans/factory/config/ConfigurableListableBeanFactory;)V+2
j  org.springframework.context.support.AbstractApplicationContext.refresh()V+67
j  org.springframework.boot.web.server.servlet.context.ServletWebServerApplicationContext.refresh()V+1
j  org.springframework.boot.SpringApplication.refresh(Lorg/springframework/context/ConfigurableApplicationContext;)V+1
j  org.springframework.boot.SpringApplication.refreshContext(Lorg/springframework/context/ConfigurableApplicationContext;)V+19
j  org.springframework.boot.SpringApplication.run([Ljava/lang/String;)Lorg/springframework/context/ConfigurableApplicationContext;+113
j  org.springframework.boot.SpringApplication.run([Ljava/lang/Class;[Ljava/lang/String;)Lorg/springframework/context/ConfigurableApplicationContext;+9
j  org.springframework.boot.SpringApplication.run(Ljava/lang/Class;[Ljava/lang/String;)Lorg/springframework/context/ConfigurableApplicationContext;+9
j  com.example.inventory_service.InventoryServiceApplication.main([Ljava/lang/String;)V+3
v  ~StubRoutines::Stub Generator call_stub_stub 0x0000021d663318e2
Lock stack of current Java thread (top to bottom):
LockStack[0]: java.lang.Object 
{0x0000000085804a90} - klass: 'java/lang/Object' - flags: 

 - ---- fields (total size 2 words):


Compiled method (n/a) 4119  647     n 0       java.lang.ClassLoader::defineClass1 (native)
 total in heap  [0x0000021d66606308,0x0000021d66606728] = 1056
 main code      [0x0000021d66606400,0x0000021d66606723] = 803
 stub code      [0x0000021d66606723,0x0000021d66606728] = 5
 mutable data [0x0000021d73159fa0,0x0000021d73159fc0] = 32
 relocation     [0x0000021d73159fa0,0x0000021d73159fc0] = 32

[Constant Pool (empty)]


Loading hsdis library failed, undisassembled code is shown in MachCode section
[MachCode]
[Entry Point]
  # {method} {0x0000021d6f027c40} 'defineClass1' '(Ljava/lang/ClassLoader;Ljava/lang/String;[BIILjava/security/ProtectionDomain;Ljava/lang/String;)Ljava/lang/Class;' in 'java/lang/ClassLoader'
  # parm0:    rdx:rdx   = 'java/lang/ClassLoader'
  # parm1:    r8:r8     = 'java/lang/String'
  # parm2:    r9:r9     = '[B'
  # parm3:    rdi       = int
  # parm4:    rsi       = int
  # parm5:    rcx:rcx   = 'java/security/ProtectionDomain'
  # parm6:    [sp+0xa0]   = 'java/lang/String'  (sp of caller)
  0x0000021d66606400: 6690 448b | 5208 443b 

  0x0000021d66606408: ;   {runtime_call Shared Runtime ic_miss_blob}
  0x0000021d66606408: 5008 0f85 | d089 d7ff 
[Verified Entry Point]
  0x0000021d66606410: 8984 2400 | 80ff ff55 | 488b ec48 | 81ec 9000 | 0000 6690 | 4181 7f20 | 0500 0000 

  0x0000021d6660642c: ;   {runtime_call Stub::Stub Generator method_entry_barrier_stub}
  0x0000021d6660642c: 7405 e8ed | dbd5 ff48 | 837d 1000 | 488d 4510 | 480f 4445 | 1048 8944 | 2440 4889 | 4c24 7048 
  0x0000021d6660644c: 83f9 0048 | 8d44 2470 | 480f 4444 | 2470 4889 | 4424 3848 | 8974 2430 | 4889 7c24 | 284c 894c 
  0x0000021d6660646c: 2458 4983 | f900 488d | 4424 5848 | 0f44 4424 | 5848 8944 | 2420 4c89 | 4424 5049 | 83f8 004c 
  0x0000021d6660648c: 8d4c 2450 | 4c0f 444c | 2450 4889 | 5424 4848 | 83fa 004c | 8d44 2448 | 4c0f 4444 

  0x0000021d666064a8: ;   {oop(a 'java/lang/Class'{0x0000000081c91d68} = 'java/lang/ClassLoader')}
  0x0000021d666064a8: 2448 49be | 681d c981 | 0000 0000 | 4c89 7424 | 784c 8d74 | 2478 498b | d6c5 f877 

  0x0000021d666064c4: ;   {internal_word}
  0x0000021d666064c4: 49ba c164 | 6066 1d02 | 0000 4d89 | 9718 0400 | 0049 89a7 | 1004 0000 | 498d 8f30 | 0400 0041 
  0x0000021d666064e4: c787 ac04 | 0000 0400 

  0x0000021d666064ec: ;   {runtime_call}
  0x0000021d666064ec: 0000 48b8 | 6416 1d2d | fc7f 0000 | ffd0 c5f8 | 7741 c787 | ac04 0000 | 0500 0000 | f083 4424 
  0x0000021d6660650c: c000 493b | 6f28 0f87 | 0e00 0000 | 4183 bfa8 | 0400 0000 | 0f84 2b00 | 0000 c5f8 | 7748 8945 
  0x0000021d6660652c: f849 8bcf | 4c8b e448 | 83ec 2048 

  0x0000021d66606538: ;   {runtime_call}
  0x0000021d66606538: 83e4 f048 | b870 63e5 | d9fb 7f00 | 00ff d049 | 8be4 4d33 | e448 8b45 | f841 c787 | ac04 0000 
  0x0000021d66606558: 0800 0000 | 4183 bf30 | 0500 0002 | 0f84 8c01 | 0000 49c7 | 8710 0400 | 0000 0000 | 0049 c787 
  0x0000021d66606578: 1804 0000 | 0000 0000 | c5f8 7748 | 85c0 0f84 | 2a01 0000 | a803 0f85 | 0800 0000 | 488b 00e9 
  0x0000021d66606598: 1a01 0000 | a801 0f85 | 0900 0000 | 488b 40fe | e909 0100 | 0048 8b40 | ff41 807f | 4800 0f84 
  0x0000021d666065b8: fa00 0000 | 4885 c00f | 84f1 0000 | 0049 8b4f | 3848 85c9 | 7414 4883 | e908 4989 | 4f38 4903 
  0x0000021d666065d8: 4f40 4889 | 01e9 d400 | 0000 4883 | ec70 4889 | 0424 4889 | 4c24 0848 | 8954 2410 | 4c89 4424 
  0x0000021d666065f8: 184c 894c | 2420 4c89 | 5424 284c | 895c 2430 | c5fb 1144 | 2440 c5fb | 114c 2448 | c5fb 1154 
  0x0000021d66606618: 2450 c5fb | 115c 2458 | c5fb 1164 | 2460 c5fb | 116c 2468 | 498b d748 | 8bc8 4883 | ec20 40f6 
  0x0000021d66606638: ;   {other}
  0x0000021d66606638: c40f 0f84 | 1900 0000 | 4883 ec08 

  0x0000021d66606644: ;   {runtime_call}
  0x0000021d66606644: 48b8 0008 | d8d9 fb7f | 0000 ffd0 | 4883 c408 | e90c 0000 

  0x0000021d66606658: ;   {runtime_call}
  0x0000021d66606658: 0048 b800 | 08d8 d9fb | 7f00 00ff | d048 83c4 | 20c5 fb10 | 6c24 68c5 | fb10 6424 | 60c5 fb10 
  0x0000021d66606678: 5c24 58c5 | fb10 5424 | 50c5 fb10 | 4c24 48c5 | fb10 4424 | 404c 8b5c | 2430 4c8b | 5424 284c 
  0x0000021d66606698: 8b4c 2420 | 4c8b 4424 | 1848 8b54 | 2410 488b | 4c24 0848 | 8b04 2448 | 83c4 70c5 | f877 498b 
  0x0000021d666066b8: 8f90 0400 | 00c7 8100 | 0100 0000 | 0000 00c9 

  0x0000021d666066c8: ;   {poll_return}
  0x0000021d666066c8: 41f6 4728 

  0x0000021d666066cc: ;   {internal_word}
  0x0000021d666066cc: 0174 1649 | bac8 6660 | 661d 0200 | 004d 8997 | b804 0000 

  0x0000021d666066e0: ;   {runtime_call SafepointBlob}
  0x0000021d666066e0: e97b abd7 | ff49 837f | 0800 0f85 | 0100 0000 

  0x0000021d666066f0: ;   {runtime_call Stub::Stub Generator forward_exception_stub}
  0x0000021d666066f0: c3e9 eab0 | d2ff c5f8 | 7748 8945 | f84c 8be4 | 4883 ec20 | 4883 e4f0 

  0x0000021d66606708: ;   {runtime_call}
  0x0000021d66606708: 48b8 e0ad | 20da fb7f | 0000 ffd0 | 498b e44d | 33e4 488b | 45f8 e947 | feff fff4 | f4f4 f4f4 
[/MachCode]


Compiled method (c1) 4129  926       1       java.lang.ClassLoader::defineClass (43 bytes)
 total in heap  [0x0000021d66657f08,0x0000021d66658228] = 800
 main code      [0x0000021d66658000,0x0000021d666581c0] = 448
 stub code      [0x0000021d666581c0,0x0000021d66658228] = 104
 mutable data [0x0000021d73741c80,0x0000021d73741d28] = 168
 relocation     [0x0000021d73741c80,0x0000021d73741ce8] = 104
 metadata       [0x0000021d73741ce8,0x0000021d73741d28] = 64
 immutable data [0x0000021d73519c30,0x0000021d73519dcc] = 412
 dependencies   [0x0000021d73519c30,0x0000021d73519c48] = 24
 nul chk table  [0x0000021d73519c48,0x0000021d73519c70] = 40
 scopes pcs     [0x0000021d73519c70,0x0000021d73519d10] = 160
 scopes data    [0x0000021d73519d10,0x0000021d73519dc8] = 184

[Constant Pool (empty)]


Loading hsdis library failed, undisassembled code is shown in MachCode section
[MachCode]
[Instructions begin]
  0x0000021d66658000: 6666 660f | 1f84 0000 | 0000 0066 | 6666 9066 | 6690 448b | 5208 443b 

  0x0000021d66658018: ;   {runtime_call Shared Runtime ic_miss_blob}
  0x0000021d66658018: 5008 0f85 | c06d d2ff 
[Verified Entry Point]
  0x0000021d66658020: 8984 2400 | 80ff ff55 | 4881 ecb0 | 0000 0090 | 4181 7f20 | 0500 0000 

  0x0000021d66658038: ;   {runtime_call Stub::Stub Generator method_entry_barrier_stub}
  0x0000021d66658038: 7405 e8e1 | bfd0 ff48 | 8954 2478 | 89b4 2494 | 0000 0089 | bc24 9000 | 0000 4c89 | 8c24 8800 
  0x0000021d66658058: 0000 498b | d84c 8bc3 | 4c8b c948 | 8bca 488b | d148 899c | 2480 0000 | 0066 0f1f 

  0x0000021d66658074: ;   {optimized virtual_call}
  0x0000021d66658074: 4400 00e8 

  0x0000021d66658078: ; ImmutableOopMap {[120]=Oop [128]=Oop [136]=Oop }
                      ;*invokevirtual preDefineClass {reexecute=0 rethrow=0 return_oop=0}
                      ; - java.lang.ClassLoader::defineClass@4 (line 972)
  0x0000021d66658078: 2406 0000 

  0x0000021d6665807c: ;   {post_call_nop}
  0x0000021d6665807c: 0f1f 8400 | 7401 0000 | 4889 8424 | 9800 0000 

  0x0000021d6665808c: ; implicit exception: dispatches to 0x0000021d66658167
  0x0000021d6665808c: 448b 4010 | 4d85 c00f | 850f 0000 

  0x0000021d66658098: ;   {oop(nullptr)}
  0x0000021d66658098: 0048 bb00 | 0000 0000 | 0000 00e9 | 3f00 0000 

  0x0000021d666580a8: ; implicit exception: dispatches to 0x0000021d6665816c
  0x0000021d666580a8: 458b 400c | 4d85 c00f | 850f 0000 

  0x0000021d666580b4: ;   {oop(nullptr)}
  0x0000021d666580b4: 0048 bb00 | 0000 0000 | 0000 00e9 | 2300 0000 

  0x0000021d666580c4: ; implicit exception: dispatches to 0x0000021d66658171
  0x0000021d666580c4: 418b 5038 

  0x0000021d666580c8: ; implicit exception: dispatches to 0x0000021d66658176
  0x0000021d666580c8: 483b 020f 

  0x0000021d666580cc: ;   {optimized virtual_call}
  0x0000021d666580cc: 1f40 00e8 

  0x0000021d666580d0: ; ImmutableOopMap {[120]=Oop [128]=Oop [136]=Oop [152]=Oop }
                      ;*invokevirtual toExternalForm {reexecute=0 rethrow=0 return_oop=0}
                      ; - java.net.URL::toExternalForm@5 (line 1154)
                      ; - java.net.URL::toString@1 (line 1140)
                      ; - java.lang.ClassLoader::defineClassSourceLocation@22 (line 876)
                      ; - java.lang.ClassLoader::defineClass@12 (line 973)
  0x0000021d666580d0: cc7c fcff 

  0x0000021d666580d4: ;   {post_call_nop}
  0x0000021d666580d4: 0f1f 8400 | cc01 0001 | 488b d848 | 8b84 2498 | 0000 008b | b424 9400 | 0000 8bbc | 2490 0000 
  0x0000021d666580f4: 004c 8b8c | 2488 0000 | 004c 8b84 | 2480 0000 | 0048 8b54 | 2478 4c8b | da49 8bd3 | 488b c848 
  0x0000021d66658114: ;   {static_call}
  0x0000021d66658114: 891c 24e8 

  0x0000021d66658118: ; ImmutableOopMap {[120]=Oop [152]=Oop }
                      ;*invokestatic defineClass1 {reexecute=0 rethrow=0 return_oop=0}
                      ; - java.lang.ClassLoader::defineClass@27 (line 974)
  0x0000021d66658118: f4e2 faff 

  0x0000021d6665811c: ;   {post_call_nop}
  0x0000021d6665811c: 0f1f 8400 | 1402 0002 | 4c8b c04c | 8b8c 2498 | 0000 0048 | 8b54 2478 | 4889 8424 | a000 0000 
  0x0000021d6665813c: ;   {optimized virtual_call}
  0x0000021d6665813c: 6666 90e8 

  0x0000021d66658140: ; ImmutableOopMap {[160]=Oop }
                      ;*invokevirtual postDefineClass {reexecute=0 rethrow=0 return_oop=0}
                      ; - java.lang.ClassLoader::defineClass@37 (line 975)
  0x0000021d66658140: 5c14 0000 

  0x0000021d66658144: ;   {post_call_nop}
  0x0000021d66658144: 0f1f 8400 | 3c02 0003 | 488b 8424 | a000 0000 | 4881 c4b0 | 0000 005d 

  0x0000021d6665815c: ;   {poll_return}
  0x0000021d6665815c: 493b 6728 | 0f87 1500 

  0x0000021d66658164: ;   {runtime_call C1 Runtime throw_null_pointer_exception_blob}
  0x0000021d66658164: 0000 c3e8 

  0x0000021d66658168: ; ImmutableOopMap {rax=Oop [120]=Oop [128]=Oop [136]=Oop [152]=Oop }
                      ;*invokevirtual getCodeSource {reexecute=0 rethrow=0 return_oop=0}
                      ; - java.lang.ClassLoader::defineClassSourceLocation@1 (line 873)
                      ; - java.lang.ClassLoader::defineClass@12 (line 973)
  0x0000021d66658168: f40c ddff 

  0x0000021d6665816c: ;   {runtime_call C1 Runtime throw_null_pointer_exception_blob}
  0x0000021d6665816c: e8ef 0cdd 

  0x0000021d66658170: ; ImmutableOopMap {rax=Oop [120]=Oop [128]=Oop [136]=Oop [152]=Oop }
                      ;*invokevirtual getLocation {reexecute=0 rethrow=0 return_oop=0}
                      ; - java.lang.ClassLoader::defineClassSourceLocation@12 (line 875)
                      ; - java.lang.ClassLoader::defineClass@12 (line 973)
                      ;   {runtime_call C1 Runtime throw_null_pointer_exception_blob}
  0x0000021d66658170: ffe8 ea0c 

  0x0000021d66658174: ; ImmutableOopMap {r8=Oop [120]=Oop [128]=Oop [136]=Oop [152]=Oop }
                      ;*invokevirtual toString {reexecute=0 rethrow=0 return_oop=0}
                      ; - java.lang.ClassLoader::defineClassSourceLocation@22 (line 876)
                      ; - java.lang.ClassLoader::defineClass@12 (line 973)
                      ;   {runtime_call C1 Runtime throw_null_pointer_exception_blob}
  0x0000021d66658174: ddff e8e5 

  0x0000021d66658178: ; ImmutableOopMap {r8=Oop rdx=Oop [120]=Oop [128]=Oop [136]=Oop [152]=Oop }
                      ;*invokevirtual toExternalForm {reexecute=0 rethrow=0 return_oop=0}
                      ; - java.net.URL::toExternalForm@5 (line 1154)
                      ; - java.net.URL::toString@1 (line 1140)
                      ; - java.lang.ClassLoader::defineClassSourceLocation@22 (line 876)
                      ; - java.lang.ClassLoader::defineClass@12 (line 973)
                      ;   {internal_word}
  0x0000021d66658178: 0cdd ff49 | ba5c 8165 | 661d 0200 | 004d 8997 | b804 0000 

  0x0000021d6665818c: ;   {runtime_call SafepointBlob}
  0x0000021d6665818c: e9cf 90d2 | ff49 8b87 | 6805 0000 | 49c7 8768 | 0500 0000 | 0000 0049 | c787 7005 | 0000 0000 
  0x0000021d666581ac: 0000 4881 | c4b0 0000 

  0x0000021d666581b4: ;   {runtime_call C1 Runtime unwind_exception_blob}
  0x0000021d666581b4: 005d e9a5 | fddc fff4 | f4f4 f4f4 
[Stub Code]
  0x0000021d666581c0: ;   {other}
  0x0000021d666581c0: 0f1f 4400 

  0x0000021d666581c4: ;   {static_stub}
  0x0000021d666581c4: 0048 bb00 | 0000 0000 

  0x0000021d666581cc: ;   {runtime_call nmethod}
  0x0000021d666581cc: 0000 00e9 | fbff ffff 

  0x0000021d666581d4: ;   {static_stub}
  0x0000021d666581d4: 48bb 0000 | 0000 0000 

  0x0000021d666581dc: ;   {runtime_call nmethod}
  0x0000021d666581dc: 0000 e9fb 

  0x0000021d666581e0: ;   {static_stub}
  0x0000021d666581e0: ffff ff48 | bb00 0000 | 0000 0000 

  0x0000021d666581ec: ;   {runtime_call nmethod}
  0x0000021d666581ec: 00e9 fbff 

  0x0000021d666581f0: ;   {static_stub}
  0x0000021d666581f0: ffff 48bb | 0000 0000 | 0000 0000 

  0x0000021d666581fc: ;   {runtime_call nmethod}
  0x0000021d666581fc: e9fb ffff 

  0x0000021d66658200: ;   {runtime_call C1 Runtime handle_exception_from_callee_blob}
  0x0000021d66658200: ffe8 da2d 

  0x0000021d66658204: ;   {external_word}
  0x0000021d66658204: ddff 48b9 | 18cc 54da | fb7f 0000 | 4883 e4f0 

  0x0000021d66658214: ;   {runtime_call}
  0x0000021d66658214: 48b8 6041 | 0dda fb7f | 0000 ffd0 

  0x0000021d66658220: ;   {runtime_call DeoptimizationBlob}
  0x0000021d66658220: f4e8 3a93 | d2ff ebf9 
[/MachCode]


Compiled method (c1) 4138  911       1       jdk.internal.loader.BuiltinClassLoader::defineClass (121 bytes)
 total in heap  [0x0000021d66653b88,0x0000021d66654068] = 1248
 main code      [0x0000021d66653c80,0x0000021d66653f90] = 784
 stub code      [0x0000021d66653f90,0x0000021d66654068] = 216
 mutable data [0x0000021d7375f290,0x0000021d7375f3a8] = 280
 relocation     [0x0000021d7375f290,0x0000021d7375f360] = 208
 metadata       [0x0000021d7375f360,0x0000021d7375f3a8] = 72
 immutable data [0x0000021d73779d50,0x0000021d7377a00c] = 700
 dependencies   [0x0000021d73779d50,0x0000021d73779d68] = 24
 nul chk table  [0x0000021d73779d68,0x0000021d73779d88] = 32
 scopes pcs     [0x0000021d73779d88,0x0000021d73779e98] = 272
 scopes data    [0x0000021d73779e98,0x0000021d7377a008] = 368

[Constant Pool (empty)]


Loading hsdis library failed, undisassembled code is shown in MachCode section
[MachCode]
[Instructions begin]
  0x0000021d66653c80: 6666 660f | 1f84 0000 | 0000 0066 | 6666 9066 | 6690 448b | 5208 443b 

  0x0000021d66653c98: ;   {runtime_call Shared Runtime ic_miss_blob}
  0x0000021d66653c98: 5008 0f85 | 40b1 d2ff 
[Verified Entry Point]
  0x0000021d66653ca0: 8984 2400 | 80ff ff55 | 4881 ece0 | 0000 0090 | 4181 7f20 | 0500 0000 

  0x0000021d66653cb8: ;   {runtime_call Stub::Stub Generator method_entry_barrier_stub}
  0x0000021d66653cb8: 7405 e861 | 03d1 ff48 | 8994 24a0 | 0000 004c | 8984 2490 | 0000 004c | 898c 2498 | 0000 0049 
  0x0000021d66653cd8: 8bd1 6666 | 9048 b860 | 3b78 731d 

  0x0000021d66653ce4: ;   {virtual_call}
  0x0000021d66653ce4: 0200 00e8 

  0x0000021d66653ce8: ; ImmutableOopMap {[144]=Oop [152]=Oop [160]=Oop }
                      ;*invokevirtual getCodeSourceURL {reexecute=0 rethrow=0 return_oop=0}
                      ; - jdk.internal.loader.BuiltinClassLoader::defineClass@1 (line 756)
  0x0000021d66653ce8: 54f1 0800 

  0x0000021d66653cec: ;   {post_call_nop}
  0x0000021d66653cec: 0f1f 8400 | 6401 0000 | 4889 8424 | a800 0000 | 4c8b 8424 | 9000 0000 

  0x0000021d66653d04: ; implicit exception: dispatches to 0x0000021d66653f2f
  0x0000021d66653d04: 418b 7014 

  0x0000021d66653d08: ; implicit exception: dispatches to 0x0000021d66653f34
  0x0000021d66653d08: 8b56 0c45 | 0fbe 4810 | 498b c9c1 | e118 c1f9 | 18d3 fa48 | 8bfa ffcf | 4585 c9ba | 0000 0000 
  0x0000021d66653d28: 7505 ba01 | 0000 0083 | e201 85d2 | 488b d641 | b82e 0000 | 004c 8bcf | 0f84 1300 

  0x0000021d66653d44: ;   {static_call}
  0x0000021d66653d44: 0000 90e8 

  0x0000021d66653d48: ; ImmutableOopMap {[144]=Oop [152]=Oop [160]=Oop [168]=Oop }
                      ;*invokestatic lastIndexOf {reexecute=0 rethrow=0 return_oop=0}
                      ; - java.lang.String::lastIndexOf@13 (line 2925)
                      ; - java.lang.String::lastIndexOf@8 (line 2887)
                      ; - jdk.internal.loader.BuiltinClassLoader::defineClass@8 (line 759)
  0x0000021d66653d48: b41d f3ff 

  0x0000021d66653d4c: ;   {post_call_nop}
  0x0000021d66653d4c: 0f1f 8400 | c401 0001 | e913 0000 | 0066 0f1f 

  0x0000021d66653d5c: ;   {static_call}
  0x0000021d66653d5c: 4400 00e8 

  0x0000021d66653d60: ; ImmutableOopMap {[144]=Oop [152]=Oop [160]=Oop [168]=Oop }
                      ;*invokestatic lastIndexOf {reexecute=0 rethrow=0 return_oop=0}
                      ; - java.lang.String::lastIndexOf@25 (line 2926)
                      ; - java.lang.String::lastIndexOf@8 (line 2887)
                      ; - jdk.internal.loader.BuiltinClassLoader::defineClass@8 (line 759)
  0x0000021d66653d60: 7cb9 d2ff 

  0x0000021d66653d64: ;   {post_call_nop}
  0x0000021d66653d64: 0f1f 8400 | dc01 0002 | 83f8 ff0f | 847f 0000 | 0041 b800 | 0000 004c | 8bc8 488b | 9424 9000 
  0x0000021d66653d84: ;   {optimized virtual_call}
  0x0000021d66653d84: 0000 90e8 

  0x0000021d66653d88: ; ImmutableOopMap {[144]=Oop [152]=Oop [160]=Oop [168]=Oop }
                      ;*invokevirtual substring {reexecute=0 rethrow=0 return_oop=0}
                      ; - jdk.internal.loader.BuiltinClassLoader::defineClass@23 (line 761)
  0x0000021d66653d88: 14da f3ff 

  0x0000021d66653d8c: ;   {post_call_nop}
  0x0000021d66653d8c: 0f1f 8400 | 0402 0003 | 488b 9424 | 9800 0000 | 4889 8424 | b000 0000 | 9048 b888 | 3b78 731d 
  0x0000021d66653dac: ;   {virtual_call}
  0x0000021d66653dac: 0200 00e8 

  0x0000021d66653db0: ; ImmutableOopMap {[144]=Oop [152]=Oop [160]=Oop [168]=Oop [176]=Oop }
                      ;*invokevirtual getManifest {reexecute=0 rethrow=0 return_oop=0}
                      ; - jdk.internal.loader.BuiltinClassLoader::defineClass@29 (line 762)
  0x0000021d66653db0: aced 0800 

  0x0000021d66653db4: ;   {post_call_nop}
  0x0000021d66653db4: 0f1f 8400 | 2c02 0004 | 4c8b 8424 | b000 0000 | 4c8b c848 | 8bbc 24a8 | 0000 0048 | 8b94 24a0 
  0x0000021d66653dd4: 0000 0066 | 0f1f 4400 | 0048 b8b0 | 3b78 731d 

  0x0000021d66653de4: ;   {virtual_call}
  0x0000021d66653de4: 0200 00e8 

  0x0000021d66653de8: ; ImmutableOopMap {[144]=Oop [152]=Oop [160]=Oop [168]=Oop }
                      ;*invokevirtual defineOrCheckPackage {reexecute=0 rethrow=0 return_oop=0}
                      ; - jdk.internal.loader.BuiltinClassLoader::defineClass@40 (line 763)
  0x0000021d66653de8: a603 0000 

  0x0000021d66653dec: ;   {post_call_nop}
  0x0000021d66653dec: 0f1f 8400 | 6402 0005 | 4c8b 8c24 | 9800 0000 | 498b d166 | 0f1f 4400 | 0048 b8d8 | 3b78 731d 
  0x0000021d66653e0c: ;   {virtual_call}
  0x0000021d66653e0c: 0200 00e8 

  0x0000021d66653e10: ; ImmutableOopMap {[144]=Oop [152]=Oop [160]=Oop [168]=Oop }
                      ;*invokevirtual getBytes {reexecute=0 rethrow=0 return_oop=0}
                      ; - jdk.internal.loader.BuiltinClassLoader::defineClass@84 (line 773)
  0x0000021d66653e10: 4c28 deff 

  0x0000021d66653e14: ;   {post_call_nop}
  0x0000021d66653e14: 0f1f 8400 | 8c02 0006 | 4889 8424 | b800 0000 | 488b 9424 | 9800 0000 | 9048 b800 | 3c78 731d 
  0x0000021d66653e34: ;   {virtual_call}
  0x0000021d66653e34: 0200 00e8 

  0x0000021d66653e38: ; ImmutableOopMap {[144]=Oop [160]=Oop [168]=Oop [184]=Oop }
                      ;*invokevirtual getCodeSigners {reexecute=0 rethrow=0 return_oop=0}
                      ; - jdk.internal.loader.BuiltinClassLoader::defineClass@90 (line 774)
  0x0000021d66653e38: a426 deff 

  0x0000021d66653e3c: ;   {post_call_nop}
  0x0000021d66653e3c: 0f1f 8400 | b402 0007 

  0x0000021d66653e44: ;   {metadata('java/security/CodeSource')}
  0x0000021d66653e44: 4c8b c848 | baf8 2b01 | 1100 0000 | 0049 8b87 | b001 0000 | 488d 7828 | 493b bfc0 | 0100 000f 
  0x0000021d66653e64: 87d0 0000 | 0049 89bf | b001 0000 | 48c7 0001 | 0000 0048 | 8bca 8948 | 0848 33c9 | 8948 0c48 
  0x0000021d66653e84: 33c9 4889 | 4810 4889 | 4818 4889 | 4820 4c8b | 8424 a800 | 0000 488b | d048 8984 | 24c0 0000 
  0x0000021d66653ea4: ;   {optimized virtual_call}
  0x0000021d66653ea4: 0066 90e8 

  0x0000021d66653ea8: ; ImmutableOopMap {[144]=Oop [160]=Oop [184]=Oop [192]=Oop }
                      ;*invokespecial <init> {reexecute=0 rethrow=0 return_oop=0}
                      ; - jdk.internal.loader.BuiltinClassLoader::defineClass@102 (line 775)
  0x0000021d66653ea8: f432 0000 

  0x0000021d66653eac: ;   {post_call_nop}
  0x0000021d66653eac: 0f1f 8400 | 2403 0008 | 488b 8424 | b800 0000 

  0x0000021d66653ebc: ; implicit exception: dispatches to 0x0000021d66653f46
  0x0000021d66653ebc: 8b70 0c4c | 8b84 24c0 | 0000 0048 | 8b94 24a0 | 0000 0089 | b424 c800 

  0x0000021d66653ed4: ;   {optimized virtual_call}
  0x0000021d66653ed4: 0000 90e8 

  0x0000021d66653ed8: ; ImmutableOopMap {[144]=Oop [160]=Oop [184]=Oop }
                      ;*invokevirtual getProtectionDomain {reexecute=0 rethrow=0 return_oop=0}
                      ; - java.security.SecureClassLoader::defineClass@9 (line 145)
                      ; - jdk.internal.loader.BuiltinClassLoader::defineClass@117 (line 776)
  0x0000021d66653ed8: 4437 0000 

  0x0000021d66653edc: ;   {post_call_nop}
  0x0000021d66653edc: 0f1f 8400 | 5403 0009 | 4c8b 8424 | 9000 0000 | 4c8b 8c24 | b800 0000 | bf00 0000 | 008b b424 
  0x0000021d66653efc: c800 0000 | 488b c848 | 8b94 24a0 | 0000 000f 

  0x0000021d66653f0c: ;   {optimized virtual_call}
  0x0000021d66653f0c: 1f40 00e8 

  0x0000021d66653f10: ; ImmutableOopMap {}
                      ;*invokevirtual defineClass {reexecute=0 rethrow=0 return_oop=0}
                      ; - java.security.SecureClassLoader::defineClass@12 (line 145)
                      ; - jdk.internal.loader.BuiltinClassLoader::defineClass@117 (line 776)
  0x0000021d66653f10: 0c41 0000 

  0x0000021d66653f14: ;   {post_call_nop}
  0x0000021d66653f14: 0f1f 8400 | 8c03 000a | 4881 c4e0 | 0000 005d 

  0x0000021d66653f24: ;   {poll_return}
  0x0000021d66653f24: 493b 6728 | 0f87 1d00 

  0x0000021d66653f2c: ;   {runtime_call C1 Runtime throw_null_pointer_exception_blob}
  0x0000021d66653f2c: 0000 c3e8 

  0x0000021d66653f30: ; ImmutableOopMap {rax=Oop r8=Oop [144]=Oop [152]=Oop [160]=Oop [168]=Oop }
                      ;*invokevirtual lastIndexOf {reexecute=0 rethrow=0 return_oop=0}
                      ; - jdk.internal.loader.BuiltinClassLoader::defineClass@8 (line 759)
  0x0000021d66653f30: 2c4f ddff 

  0x0000021d66653f34: ;   {runtime_call C1 Runtime throw_null_pointer_exception_blob}
  0x0000021d66653f34: e827 4fdd 

  0x0000021d66653f38: ; ImmutableOopMap {rax=Oop r8=Oop rsi=Oop [144]=Oop [152]=Oop [160]=Oop [168]=Oop }
                      ;*arraylength {reexecute=0 rethrow=0 return_oop=0}
                      ; - java.lang.String::length@4 (line 1744)
                      ; - java.lang.String::lastIndexOf@3 (line 2887)
                      ; - jdk.internal.loader.BuiltinClassLoader::defineClass@8 (line 759)
  0x0000021d66653f38: ff48 8bd2 

  0x0000021d66653f3c: ;   {runtime_call C1 Runtime fast_new_instance_blob}
  0x0000021d66653f3c: e89f 5bdd 

  0x0000021d66653f40: ; ImmutableOopMap {r9=Oop [144]=Oop [160]=Oop [168]=Oop [184]=Oop }
                      ;*new {reexecute=0 rethrow=0 return_oop=0}
                      ; - jdk.internal.loader.BuiltinClassLoader::defineClass@95 (line 775)
  0x0000021d66653f40: ffe9 4cff 

  0x0000021d66653f44: ;   {runtime_call C1 Runtime throw_null_pointer_exception_blob}
  0x0000021d66653f44: ffff e815 

  0x0000021d66653f48: ; ImmutableOopMap {rax=Oop [144]=Oop [160]=Oop [184]=Oop [192]=Oop }
                      ;*arraylength {reexecute=0 rethrow=0 return_oop=0}
                      ; - jdk.internal.loader.BuiltinClassLoader::defineClass@114 (line 776)
                      ;   {internal_word}
  0x0000021d66653f48: 4fdd ff49 | ba24 3f65 | 661d 0200 | 004d 8997 | b804 0000 

  0x0000021d66653f5c: ;   {runtime_call SafepointBlob}
  0x0000021d66653f5c: e9ff d2d2 | ff49 8b87 | 6805 0000 | 49c7 8768 | 0500 0000 | 0000 0049 | c787 7005 | 0000 0000 
  0x0000021d66653f7c: 0000 4881 | c4e0 0000 

  0x0000021d66653f84: ;   {runtime_call C1 Runtime unwind_exception_blob}
  0x0000021d66653f84: 005d e9d5 | 3fdd fff4 | f4f4 f4f4 
[Stub Code]
  0x0000021d66653f90: ;   {other}
  0x0000021d66653f90: 0f1f 4400 

  0x0000021d66653f94: ;   {static_stub}
  0x0000021d66653f94: 0048 bb00 | 0000 0000 

  0x0000021d66653f9c: ;   {runtime_call nmethod}
  0x0000021d66653f9c: 0000 00e9 | fbff ffff 

  0x0000021d66653fa4: ;   {static_stub}
  0x0000021d66653fa4: 9048 bb00 | 0000 0000 

  0x0000021d66653fac: ;   {runtime_call nmethod}
  0x0000021d66653fac: 0000 00e9 | fbff ffff 

  0x0000021d66653fb4: ;   {static_stub}
  0x0000021d66653fb4: 9048 bb00 | 0000 0000 

  0x0000021d66653fbc: ;   {runtime_call nmethod}
  0x0000021d66653fbc: 0000 00e9 | fbff ffff 

  0x0000021d66653fc4: ;   {static_stub}
  0x0000021d66653fc4: 9048 bb00 | 0000 0000 

  0x0000021d66653fcc: ;   {runtime_call nmethod}
  0x0000021d66653fcc: 0000 00e9 | fbff ffff 

  0x0000021d66653fd4: ;   {static_stub}
  0x0000021d66653fd4: 9048 bb00 | 0000 0000 

  0x0000021d66653fdc: ;   {runtime_call nmethod}
  0x0000021d66653fdc: 0000 00e9 | fbff ffff 

  0x0000021d66653fe4: ;   {static_stub}
  0x0000021d66653fe4: 48bb 0000 | 0000 0000 

  0x0000021d66653fec: ;   {runtime_call nmethod}
  0x0000021d66653fec: 0000 e9fb 

  0x0000021d66653ff0: ;   {static_stub}
  0x0000021d66653ff0: ffff ff48 | bb00 0000 | 0000 0000 

  0x0000021d66653ffc: ;   {runtime_call nmethod}
  0x0000021d66653ffc: 00e9 fbff 

  0x0000021d66654000: ;   {static_stub}
  0x0000021d66654000: ffff 48bb | 0000 0000 | 0000 0000 

  0x0000021d6665400c: ;   {runtime_call nmethod}
  0x0000021d6665400c: e9fb ffff 

  0x0000021d66654010: ;   {static_stub}
  0x0000021d66654010: ff48 bb00 | 0000 0000 

  0x0000021d66654018: ;   {runtime_call nmethod}
  0x0000021d66654018: 0000 00e9 | fbff ffff 

  0x0000021d66654020: ;   {static_stub}
  0x0000021d66654020: 48bb 0000 | 0000 0000 

  0x0000021d66654028: ;   {runtime_call nmethod}
  0x0000021d66654028: 0000 e9fb 

  0x0000021d6665402c: ;   {static_stub}
  0x0000021d6665402c: ffff ff48 | bb00 0000 | 0000 0000 

  0x0000021d66654038: ;   {runtime_call nmethod}
  0x0000021d66654038: 00e9 fbff 

  0x0000021d6665403c: ;   {runtime_call C1 Runtime handle_exception_from_callee_blob}
  0x0000021d6665403c: ffff e89d 

  0x0000021d66654040: ;   {external_word}
  0x0000021d66654040: 6fdd ff48 | b918 cc54 | dafb 7f00 | 0048 83e4 

  0x0000021d66654050: ;   {runtime_call}
  0x0000021d66654050: f048 b860 | 410d dafb | 7f00 00ff 

  0x0000021d6665405c: ;   {runtime_call DeoptimizationBlob}
  0x0000021d6665405c: d0f4 e8fd | d4d2 ffeb | f9f4 f4f4 
[/MachCode]


---------------  P R O C E S S  ---------------

Threads class SMR info:
_java_thread_list=0x0000021d73e1b700, length=12, elements={
0x0000021d5d419660, 0x0000021d6e2616a0, 0x0000021d6e262e60, 0x0000021d6e283430,
0x0000021d6e263e10, 0x0000021d6e2649c0, 0x0000021d6e265570, 0x0000021d6e269d30,
0x0000021d6e3adea0, 0x0000021d6e3b26b0, 0x0000021d6e3bb7f0, 0x0000021d6e3cc200
}

Java Threads: ( => current thread )
=>0x0000021d5d419660 JavaThread "main"                              [_thread_in_vm, id=2372, stack(0x00000058c4600000,0x00000058c4700000) (1024K)]
  0x0000021d6e2616a0 JavaThread "Reference Handler"          daemon [_thread_blocked, id=12008, stack(0x00000058c4f00000,0x00000058c5000000) (1024K)]
  0x0000021d6e262e60 JavaThread "Finalizer"                  daemon [_thread_blocked, id=10268, stack(0x00000058c5000000,0x00000058c5100000) (1024K)]
  0x0000021d6e283430 JavaThread "Signal Dispatcher"          daemon [_thread_blocked, id=18460, stack(0x00000058c5100000,0x00000058c5200000) (1024K)]
  0x0000021d6e263e10 JavaThread "Attach Listener"            daemon [_thread_blocked, id=16836, stack(0x00000058c5200000,0x00000058c5300000) (1024K)]
  0x0000021d6e2649c0 JavaThread "Service Thread"             daemon [_thread_blocked, id=12036, stack(0x00000058c5300000,0x00000058c5400000) (1024K)]
  0x0000021d6e265570 JavaThread "Monitor Deflation Thread"   daemon [_thread_blocked, id=16992, stack(0x00000058c5400000,0x00000058c5500000) (1024K)]
  0x0000021d6e269d30 JavaThread "C1 CompilerThread0"         daemon [_thread_blocked, id=16516, stack(0x00000058c5500000,0x00000058c5600000) (1024K)]
  0x0000021d6e3adea0 JavaThread "C1 CompilerThread1"         daemon [_thread_blocked, id=19556, stack(0x00000058c5600000,0x00000058c5700000) (1024K)]
  0x0000021d6e3b26b0 JavaThread "C1 CompilerThread2"         daemon [_thread_blocked, id=12576, stack(0x00000058c5700000,0x00000058c5800000) (1024K)]
  0x0000021d6e3bb7f0 JavaThread "Notification Thread"        daemon [_thread_blocked, id=9876, stack(0x00000058c5800000,0x00000058c5900000) (1024K)]
  0x0000021d6e3cc200 JavaThread "Common-Cleaner"             daemon [_thread_blocked, id=5480, stack(0x00000058c5900000,0x00000058c5a00000) (1024K)]
Total: 12

Other Threads:
  0x0000021d5d4a2430 VMThread "VM Thread"                           [id=20452, stack(0x00000058c4e00000,0x00000058c4f00000) (1024K)]
  0x0000021d5d4b8a40 WatcherThread "VM Periodic Task Thread"        [id=4764, stack(0x00000058c4d00000,0x00000058c4e00000) (1024K)]
  0x0000021d5d45df30 WorkerThread "GC Thread#0"                     [id=7692, stack(0x00000058c4700000,0x00000058c4800000) (1024K)]
  0x0000021d5d4a0a50 WorkerThread "GC Thread#1"                     [id=8308, stack(0x00000058c5a00000,0x00000058c5b00000) (1024K)]
  0x0000021d5d4a12f0 WorkerThread "GC Thread#2"                     [id=17888, stack(0x00000058c5b00000,0x00000058c5c00000) (1024K)]
  0x0000021d5d4a2cd0 WorkerThread "GC Thread#3"                     [id=8836, stack(0x00000058c5c00000,0x00000058c5d00000) (1024K)]
  0x0000021d5d476a90 ConcurrentGCThread "G1 Main Marker"            [id=20044, stack(0x00000058c4800000,0x00000058c4900000) (1024K)]
  0x0000021d5d4795b0 WorkerThread "G1 Conc#0"                       [id=1128, stack(0x00000058c4900000,0x00000058c4a00000) (1024K)]
  0x0000021d5d49f910 WorkerThread "G1 Refinement Workers#0"         [id=11668, stack(0x00000058c4b00000,0x00000058c4c00000) (1024K)]
  0x0000021d5d49eab0 ConcurrentGCThread "G1 Refine Control"         [id=15240, stack(0x00000058c4a00000,0x00000058c4b00000) (1024K)]
  0x0000021d5d4a3b50 ConcurrentGCThread "G1 Service"                [id=22188, stack(0x00000058c4c00000,0x00000058c4d00000) (1024K)]
Total: 11

Threads with active compile tasks:
Total: 0

VM state: not at safepoint (normal execution)

VM Mutex/Monitor currently owned by a thread:  ([mutex/lock_event])
[0x00007ffbda84f988] Metaspace_lock - owner thread: 0x0000021d5d419660

Heap address: 0x0000000081a00000, size: 2022 MB, Compressed Oops mode: 32-bit

CDS archive(s) not mapped
Compressed class space mapped at: 0x0000000011000000-0x0000000051000000, reserved size: 1073741824
UseCompressedClassPointers 1, UseCompactObjectHeaders 0
Narrow klass pointer bits 32, Max shift 3
Narrow klass base: 0x0000000000000000, Narrow klass shift: 0
Encoding Range: [0x0000000000000000 - 0x0000000100000000), (4294967296 bytes)
Klass Range:    [0x0000000011000000 - 0x0000000051000000), (1073741824 bytes)
Klass ID Range:  [285212672 - 1358954489) (1073741817)
No protection zone.

GC Precious Log:
 CardTable entry size: 512
 Card Set container configuration: InlinePtr #cards 5 size 8 Array Of Cards #cards 10 size 36 Howl #buckets 4 coarsen threshold 1843 Howl Bitmap #cards 512 size 80 coarsen threshold 460 Card regions per heap region 1 cards per card region 2048
 CPUs: 4 total, 4 available
 Memory: 8083M
 Large Page Support: Disabled
 NUMA Support: Disabled
 Compressed Oops: Enabled (32-bit)
 Heap Region Size: 1M
 Heap Min Capacity: 8M
 Heap Initial Capacity: 8M
 Heap Max Capacity: 2022M
 Pre-touch: Disabled
 Parallel Workers: 4
 Concurrent Workers: 1
 Concurrent Refinement Workers: 4
 Periodic GC: Disabled

Heap:
 garbage-first heap   total reserved 2070528K, committed 73728K, used 24142K [0x0000000081a00000, 0x0000000100000000)
  region size 1M, 10 eden (10M), 5 survivor (5M), 9 old (9M), 1 humongous (1M), 47 free (47M)

Heap Regions: E=young(eden), S=young(survivor), O=old, HS=humongous(starts), HC=humongous(continues), CS=collection set, F=free, TAMS=top-at-mark-start, PB=parsable bottom
|    0|0x0000000081a00000, 0x0000000081b00000, 0x0000000081b00000|100%|HS|  |TAMS 0x0000000081a00000| PB 0x0000000081a00000| Complete  |  0
|    1|0x0000000081b00000, 0x0000000081c00000, 0x0000000081c00000|100%| O|  |TAMS 0x0000000081b00000| PB 0x0000000081b00000| Untracked |  0
|    2|0x0000000081c00000, 0x0000000081d00000, 0x0000000081d00000|100%| O|  |TAMS 0x0000000081c00000| PB 0x0000000081c00000| Untracked |  0
|    3|0x0000000081d00000, 0x0000000081e00000, 0x0000000081e00000|100%| O|  |TAMS 0x0000000081d00000| PB 0x0000000081d00000| Untracked |  0
|    4|0x0000000081e00000, 0x0000000081f00000, 0x0000000081f00000|100%| O|  |TAMS 0x0000000081e00000| PB 0x0000000081e00000| Untracked |  0
|    5|0x0000000081f00000, 0x0000000082000000, 0x0000000082000000|100%| O|  |TAMS 0x0000000081f00000| PB 0x0000000081f00000| Untracked |  0
|    6|0x0000000082000000, 0x0000000082000000, 0x0000000082100000|  0%| F|  |TAMS 0x0000000082000000| PB 0x0000000082000000| Untracked |  0
|    7|0x0000000082100000, 0x0000000082200000, 0x0000000082200000|100%| O|  |TAMS 0x0000000082100000| PB 0x0000000082100000| Untracked |  0
|    8|0x0000000082200000, 0x0000000082300000, 0x0000000082300000|100%| O|  |TAMS 0x0000000082200000| PB 0x0000000082200000| Untracked |  0
|    9|0x0000000082300000, 0x0000000082400000, 0x0000000082400000|100%| O|  |TAMS 0x0000000082300000| PB 0x0000000082300000| Untracked |  0
|   10|0x0000000082400000, 0x00000000824939c0, 0x0000000082500000| 57%| O|  |TAMS 0x0000000082400000| PB 0x0000000082400000| Untracked |  0
|   11|0x0000000082500000, 0x0000000082500000, 0x0000000082600000|  0%| F|  |TAMS 0x0000000082500000| PB 0x0000000082500000| Untracked |  0
|   12|0x0000000082600000, 0x0000000082600000, 0x0000000082700000|  0%| F|  |TAMS 0x0000000082600000| PB 0x0000000082600000| Untracked |  0
|   13|0x0000000082700000, 0x0000000082700000, 0x0000000082800000|  0%| F|  |TAMS 0x0000000082700000| PB 0x0000000082700000| Untracked |  0
|   14|0x0000000082800000, 0x0000000082800000, 0x0000000082900000|  0%| F|  |TAMS 0x0000000082800000| PB 0x0000000082800000| Untracked |  0
|   15|0x0000000082900000, 0x0000000082900000, 0x0000000082a00000|  0%| F|  |TAMS 0x0000000082900000| PB 0x0000000082900000| Untracked |  0
|   16|0x0000000082a00000, 0x0000000082a00000, 0x0000000082b00000|  0%| F|  |TAMS 0x0000000082a00000| PB 0x0000000082a00000| Untracked |  0
|   17|0x0000000082b00000, 0x0000000082b00000, 0x0000000082c00000|  0%| F|  |TAMS 0x0000000082b00000| PB 0x0000000082b00000| Untracked |  0
|   18|0x0000000082c00000, 0x0000000082c00000, 0x0000000082d00000|  0%| F|  |TAMS 0x0000000082c00000| PB 0x0000000082c00000| Untracked |  0
|   19|0x0000000082d00000, 0x0000000082d00000, 0x0000000082e00000|  0%| F|  |TAMS 0x0000000082d00000| PB 0x0000000082d00000| Untracked |  0
|   20|0x0000000082e00000, 0x0000000082e00000, 0x0000000082f00000|  0%| F|  |TAMS 0x0000000082e00000| PB 0x0000000082e00000| Untracked |  0
|   21|0x0000000082f00000, 0x0000000082f00000, 0x0000000083000000|  0%| F|  |TAMS 0x0000000082f00000| PB 0x0000000082f00000| Untracked |  0
|   22|0x0000000083000000, 0x0000000083000000, 0x0000000083100000|  0%| F|  |TAMS 0x0000000083000000| PB 0x0000000083000000| Untracked |  0
|   23|0x0000000083100000, 0x0000000083100000, 0x0000000083200000|  0%| F|  |TAMS 0x0000000083100000| PB 0x0000000083100000| Untracked |  0
|   24|0x0000000083200000, 0x0000000083200000, 0x0000000083300000|  0%| F|  |TAMS 0x0000000083200000| PB 0x0000000083200000| Untracked |  0
|   25|0x0000000083300000, 0x0000000083300000, 0x0000000083400000|  0%| F|  |TAMS 0x0000000083300000| PB 0x0000000083300000| Untracked |  0
|   26|0x0000000083400000, 0x0000000083500000, 0x0000000083500000|100%| S|CS|TAMS 0x0000000083400000| PB 0x0000000083400000| Complete  |  0
|   27|0x0000000083500000, 0x0000000083600000, 0x0000000083600000|100%| S|CS|TAMS 0x0000000083500000| PB 0x0000000083500000| Complete  |  0
|   28|0x0000000083600000, 0x0000000083700000, 0x0000000083700000|100%| S|CS|TAMS 0x0000000083600000| PB 0x0000000083600000| Complete  |  0
|   29|0x0000000083700000, 0x0000000083800000, 0x0000000083800000|100%| S|CS|TAMS 0x0000000083700000| PB 0x0000000083700000| Complete  |  0
|   30|0x0000000083800000, 0x0000000083900000, 0x0000000083900000|100%| S|CS|TAMS 0x0000000083800000| PB 0x0000000083800000| Complete  |  0
|   31|0x0000000083900000, 0x0000000083900000, 0x0000000083a00000|  0%| F|  |TAMS 0x0000000083900000| PB 0x0000000083900000| Untracked |  0
|   32|0x0000000083a00000, 0x0000000083a00000, 0x0000000083b00000|  0%| F|  |TAMS 0x0000000083a00000| PB 0x0000000083a00000| Untracked |  0
|   33|0x0000000083b00000, 0x0000000083b00000, 0x0000000083c00000|  0%| F|  |TAMS 0x0000000083b00000| PB 0x0000000083b00000| Untracked |  0
|   34|0x0000000083c00000, 0x0000000083c00000, 0x0000000083d00000|  0%| F|  |TAMS 0x0000000083c00000| PB 0x0000000083c00000| Untracked |  0
|   35|0x0000000083d00000, 0x0000000083d00000, 0x0000000083e00000|  0%| F|  |TAMS 0x0000000083d00000| PB 0x0000000083d00000| Untracked |  0
|   36|0x0000000083e00000, 0x0000000083e00000, 0x0000000083f00000|  0%| F|  |TAMS 0x0000000083e00000| PB 0x0000000083e00000| Untracked |  0
|   37|0x0000000083f00000, 0x0000000083f00000, 0x0000000084000000|  0%| F|  |TAMS 0x0000000083f00000| PB 0x0000000083f00000| Untracked |  0
|   38|0x0000000084000000, 0x0000000084000000, 0x0000000084100000|  0%| F|  |TAMS 0x0000000084000000| PB 0x0000000084000000| Untracked |  0
|   39|0x0000000084100000, 0x0000000084100000, 0x0000000084200000|  0%| F|  |TAMS 0x0000000084100000| PB 0x0000000084100000| Untracked |  0
|   40|0x0000000084200000, 0x0000000084200000, 0x0000000084300000|  0%| F|  |TAMS 0x0000000084200000| PB 0x0000000084200000| Untracked |  0
|   41|0x0000000084300000, 0x0000000084300000, 0x0000000084400000|  0%| F|  |TAMS 0x0000000084300000| PB 0x0000000084300000| Untracked |  0
|   42|0x0000000084400000, 0x0000000084400000, 0x0000000084500000|  0%| F|  |TAMS 0x0000000084400000| PB 0x0000000084400000| Untracked |  0
|   43|0x0000000084500000, 0x0000000084500000, 0x0000000084600000|  0%| F|  |TAMS 0x0000000084500000| PB 0x0000000084500000| Untracked |  0
|   44|0x0000000084600000, 0x0000000084600000, 0x0000000084700000|  0%| F|  |TAMS 0x0000000084600000| PB 0x0000000084600000| Untracked |  0
|   45|0x0000000084700000, 0x0000000084700000, 0x0000000084800000|  0%| F|  |TAMS 0x0000000084700000| PB 0x0000000084700000| Untracked |  0
|   46|0x0000000084800000, 0x0000000084800000, 0x0000000084900000|  0%| F|  |TAMS 0x0000000084800000| PB 0x0000000084800000| Untracked |  0
|   47|0x0000000084900000, 0x0000000084900000, 0x0000000084a00000|  0%| F|  |TAMS 0x0000000084900000| PB 0x0000000084900000| Untracked |  0
|   48|0x0000000084a00000, 0x0000000084a00000, 0x0000000084b00000|  0%| F|  |TAMS 0x0000000084a00000| PB 0x0000000084a00000| Untracked |  0
|   49|0x0000000084b00000, 0x0000000084b00000, 0x0000000084c00000|  0%| F|  |TAMS 0x0000000084b00000| PB 0x0000000084b00000| Untracked |  0
|   50|0x0000000084c00000, 0x0000000084c00000, 0x0000000084d00000|  0%| F|  |TAMS 0x0000000084c00000| PB 0x0000000084c00000| Untracked |  0
|   51|0x0000000084d00000, 0x0000000084d00000, 0x0000000084e00000|  0%| F|  |TAMS 0x0000000084d00000| PB 0x0000000084d00000| Untracked |  0
|   52|0x0000000084e00000, 0x0000000084e00000, 0x0000000084f00000|  0%| F|  |TAMS 0x0000000084e00000| PB 0x0000000084e00000| Untracked |  0
|   53|0x0000000084f00000, 0x0000000084f00000, 0x0000000085000000|  0%| F|  |TAMS 0x0000000084f00000| PB 0x0000000084f00000| Untracked |  0
|   54|0x0000000085000000, 0x0000000085000000, 0x0000000085100000|  0%| F|  |TAMS 0x0000000085000000| PB 0x0000000085000000| Untracked |  0
|   55|0x0000000085100000, 0x0000000085100000, 0x0000000085200000|  0%| F|  |TAMS 0x0000000085100000| PB 0x0000000085100000| Untracked |  0
|   56|0x0000000085200000, 0x0000000085200000, 0x0000000085300000|  0%| F|  |TAMS 0x0000000085200000| PB 0x0000000085200000| Untracked |  0
|   57|0x0000000085300000, 0x0000000085300000, 0x0000000085400000|  0%| F|  |TAMS 0x0000000085300000| PB 0x0000000085300000| Untracked |  0
|   58|0x0000000085400000, 0x0000000085400000, 0x0000000085500000|  0%| F|  |TAMS 0x0000000085400000| PB 0x0000000085400000| Untracked |  0
|   59|0x0000000085500000, 0x0000000085500000, 0x0000000085600000|  0%| F|  |TAMS 0x0000000085500000| PB 0x0000000085500000| Untracked |  0
|   60|0x0000000085600000, 0x0000000085600000, 0x0000000085700000|  0%| F|  |TAMS 0x0000000085600000| PB 0x0000000085600000| Untracked |  0
|   61|0x0000000085700000, 0x0000000085700000, 0x0000000085800000|  0%| F|  |TAMS 0x0000000085700000| PB 0x0000000085700000| Untracked |  0
|   62|0x0000000085800000, 0x0000000085880000, 0x0000000085900000| 50%| E|CS|TAMS 0x0000000085800000| PB 0x0000000085800000| Complete  |  0
|   63|0x0000000085900000, 0x0000000085a00000, 0x0000000085a00000|100%| E|CS|TAMS 0x0000000085900000| PB 0x0000000085900000| Complete  |  0
|   64|0x0000000085a00000, 0x0000000085b00000, 0x0000000085b00000|100%| E|CS|TAMS 0x0000000085a00000| PB 0x0000000085a00000| Complete  |  0
|   65|0x0000000085b00000, 0x0000000085c00000, 0x0000000085c00000|100%| E|CS|TAMS 0x0000000085b00000| PB 0x0000000085b00000| Complete  |  0
|   66|0x0000000085c00000, 0x0000000085d00000, 0x0000000085d00000|100%| E|CS|TAMS 0x0000000085c00000| PB 0x0000000085c00000| Complete  |  0
|   67|0x0000000085d00000, 0x0000000085e00000, 0x0000000085e00000|100%| E|CS|TAMS 0x0000000085d00000| PB 0x0000000085d00000| Complete  |  0
|   68|0x0000000085e00000, 0x0000000085f00000, 0x0000000085f00000|100%| E|CS|TAMS 0x0000000085e00000| PB 0x0000000085e00000| Complete  |  0
|   69|0x0000000085f00000, 0x0000000086000000, 0x0000000086000000|100%| E|CS|TAMS 0x0000000085f00000| PB 0x0000000085f00000| Complete  |  0
|   70|0x0000000086000000, 0x0000000086100000, 0x0000000086100000|100%| E|CS|TAMS 0x0000000086000000| PB 0x0000000086000000| Complete  |  0
|   71|0x0000000086100000, 0x0000000086200000, 0x0000000086200000|100%| E|CS|TAMS 0x0000000086100000| PB 0x0000000086100000| Complete  |  0

Card table byte_map: [0x0000021d69b30000,0x0000021d69f30000] _byte_map_base: 0x0000021d69723000
Refinement table byte_map: [0x0000021d69730000,0x0000021d69b30000] _byte_map_base: 0x0000021d69323000

Marking Bits: (CMBitMap*) 0x0000021d5d45e4b0
 Bits: [0x0000021d69f30000, 0x0000021d6bec8000)

Polling page: 0x0000021d5b1e0000

Metaspace:
Metaspace        used 32749K, committed 33024K, reserved 1114112K
 class space     used 4078K, committed 4224K, reserved 1048576K

Usage:
  Non-class:     28.00 MB used.
      Class:      3.98 MB used.
       Both:     31.98 MB used.

Virtual space:
  Non-class space:       64.00 MB reserved,      28.12 MB ( 44%) committed,  1 nodes.
      Class space:        1.00 GB reserved,       4.12 MB ( <1%) committed,  1 nodes.
             Both:        1.06 GB reserved,      32.25 MB (  3%) committed. 

Chunk freelists:
   Non-Class:  3.67 MB
       Class:  11.84 MB
        Both:  15.52 MB

MaxMetaspaceSize: unlimited
CompressedClassSpaceSize: 1.00 GB
Initial GC threshold: 21.00 MB
Current GC threshold: 35.31 MB
CDS: off
 - commit_granule_bytes: 65536.
 - commit_granule_words: 8192.
 - virtual_space_node_default_size: 8388608.
 - enlarge_chunks_in_place: 1.
UseCompressedClassPointers 1, UseCompactObjectHeaders 0
Narrow klass pointer bits 32, Max shift 3
Narrow klass base: 0x0000000000000000, Narrow klass shift: 0
Encoding Range: [0x0000000000000000 - 0x0000000100000000), (4294967296 bytes)
Klass Range:    [0x0000000011000000 - 0x0000000051000000), (1073741824 bytes)
Klass ID Range:  [285212672 - 1358954489) (1073741817)
No protection zone.


Internal statistics:

num_allocs_failed_limit: 3.
num_arena_births: 268.
num_arena_deaths: 0.
num_vsnodes_births: 2.
num_vsnodes_deaths: 0.
num_space_committed: 516.
num_space_uncommitted: 0.
num_chunks_returned_to_freelist: 3.
num_chunks_taken_from_freelist: 1074.
num_chunk_merges: 0.
num_chunk_splits: 749.
num_chunks_enlarged: 603.
num_inconsistent_stats: 0.

CodeCache: size=49152Kb used=6266Kb max_used=6266Kb free=42885Kb
 bounds [0x0000021d66330000, 0x0000021d66950000, 0x0000021d69330000]
 total_blobs=4153, nmethods=3633, adapters=443, full_count=0
Compilation: enabled, stopped_count=0, restarted_count=0

Compilation events (20 events):
Event: 3.927 Thread 0x0000021d6e269d30 3628       1       java.util.Arrays$ArrayList::size (6 bytes)
Event: 3.927 Thread 0x0000021d6e269d30 nmethod 3628 0x0000021d6694a508 code [0x0000021d6694a600, 0x0000021d6694a6c0]
Event: 3.929 Thread 0x0000021d6e269d30 3631       1       jdk.internal.classfile.impl.DirectCodeBuilder::storeLocal (126 bytes)
Event: 3.930 Thread 0x0000021d6e269d30 nmethod 3631 0x0000021d6694ae08 code [0x0000021d6694af00, 0x0000021d6694b5f8]
Event: 3.931 Thread 0x0000021d6e3adea0 3634       1       java.lang.invoke.InvokerBytecodeGenerator::emitReferenceCast (169 bytes)
Event: 3.932 Thread 0x0000021d6e3adea0 nmethod 3634 0x0000021d6694bc08 code [0x0000021d6694bd00, 0x0000021d6694c738]
Event: 3.932 Thread 0x0000021d6e269d30 3635       1       java.lang.invoke.LambdaFormBuffer::ownedCount (7 bytes)
Event: 3.933 Thread 0x0000021d6e269d30 nmethod 3635 0x0000021d6694c788 code [0x0000021d6694c880, 0x0000021d6694c938]
Event: 3.933 Thread 0x0000021d6e269d30 3636       1       jdk.internal.classfile.impl.DirectCodeBuilder::dup (11 bytes)
Event: 3.933 Thread 0x0000021d6e269d30 nmethod 3636 0x0000021d6694ca88 code [0x0000021d6694cb80, 0x0000021d6694ccd0]
Event: 3.934 Thread 0x0000021d6e269d30 3637       1       java.lang.reflect.Field::getDeclaringClass (5 bytes)
Event: 3.934 Thread 0x0000021d6e269d30 nmethod 3637 0x0000021d6694cd88 code [0x0000021d6694ce80, 0x0000021d6694cf38]
Event: 3.935 Thread 0x0000021d6e3b26b0 3638       1       org.springframework.core.MethodParameter::validateIndex (31 bytes)
Event: 3.935 Thread 0x0000021d6e3adea0 3639       1       org.springframework.core.MethodParameter$$Lambda/0x0000000011202be0::<init> (10 bytes)
Event: 3.935 Thread 0x0000021d6e3adea0 nmethod 3639 0x0000021d6694d088 code [0x0000021d6694d180, 0x0000021d6694d238]
Event: 3.936 Thread 0x0000021d6e3b26b0 nmethod 3638 0x0000021d6694d388 code [0x0000021d6694d480, 0x0000021d6694d6e8]
Event: 3.936 Thread 0x0000021d6e3b26b0 3640       1       org.springframework.core.MethodParameter::getContainingClass (18 bytes)
Event: 3.936 Thread 0x0000021d6e3b26b0 nmethod 3640 0x0000021d6694d708 code [0x0000021d6694d800, 0x0000021d6694d8f8]
Event: 3.979 Thread 0x0000021d6e3adea0 3641       1       org.springframework.beans.factory.support.AbstractBeanFactory::copyRelevantMergedBeanDefinitionCaches (127 bytes)
Event: 3.980 Thread 0x0000021d6e3adea0 nmethod 3641 0x0000021d6694da08 code [0x0000021d6694db00, 0x0000021d6694e438]

GC Heap Usage History (20 events):
Event: 0.398 {heap Before GC invocations=3 (full 0):
 garbage-first heap   total reserved 2070528K, committed 8192K, used 5120K [0x0000000081a00000, 0x0000000100000000)
  region size 1M, 1 eden (1M), 1 survivor (1M), 3 old (3M), 1 humongous (1M), 2 free (2M)
}
Event: 0.400 {heap After GC invocations=4 (full 0):
 garbage-first heap   total reserved 2070528K, committed 24576K, used 5708K [0x0000000081a00000, 0x0000000100000000)
  region size 1M, 0 eden (0M), 1 survivor (1M), 4 old (4M), 1 humongous (1M), 18 free (18M)
}
Event: 0.868 {heap Before GC invocations=5 (full 0):
 garbage-first heap   total reserved 2070528K, committed 24576K, used 11852K [0x0000000081a00000, 0x0000000100000000)
  region size 1M, 7 eden (7M), 1 survivor (1M), 4 old (4M), 1 humongous (1M), 11 free (11M)
}
Event: 0.872 {heap After GC invocations=6 (full 0):
 garbage-first heap   total reserved 2070528K, committed 24576K, used 6754K [0x0000000081a00000, 0x0000000100000000)
  region size 1M, 0 eden (0M), 1 survivor (1M), 5 old (5M), 1 humongous (1M), 17 free (17M)
}
Event: 1.091 {heap Before GC invocations=6 (full 0):
 garbage-first heap   total reserved 2070528K, committed 24576K, used 11874K [0x0000000081a00000, 0x0000000100000000)
  region size 1M, 6 eden (6M), 1 survivor (1M), 5 old (5M), 1 humongous (1M), 11 free (11M)
}
Event: 1.095 {heap After GC invocations=7 (full 0):
 garbage-first heap   total reserved 2070528K, committed 24576K, used 7247K [0x0000000081a00000, 0x0000000100000000)
  region size 1M, 0 eden (0M), 1 survivor (1M), 6 old (6M), 1 humongous (1M), 16 free (16M)
}
Event: 1.745 {heap Before GC invocations=7 (full 0):
 garbage-first heap   total reserved 2070528K, committed 24576K, used 14415K [0x0000000081a00000, 0x0000000100000000)
  region size 1M, 7 eden (7M), 1 survivor (1M), 6 old (6M), 1 humongous (1M), 9 free (9M)
}
Event: 1.750 {heap After GC invocations=8 (full 0):
 garbage-first heap   total reserved 2070528K, committed 24576K, used 8192K [0x0000000081a00000, 0x0000000100000000)
  region size 1M, 0 eden (0M), 1 survivor (1M), 6 old (6M), 1 humongous (1M), 16 free (16M)
}
Event: 2.047 {heap Before GC invocations=8 (full 0):
 garbage-first heap   total reserved 2070528K, committed 24576K, used 15360K [0x0000000081a00000, 0x0000000100000000)
  region size 1M, 8 eden (8M), 1 survivor (1M), 6 old (6M), 1 humongous (1M), 8 free (8M)
}
Event: 2.053 {heap After GC invocations=9 (full 0):
 garbage-first heap   total reserved 2070528K, committed 24576K, used 8908K [0x0000000081a00000, 0x0000000100000000)
  region size 1M, 0 eden (0M), 2 survivor (2M), 6 old (6M), 1 humongous (1M), 15 free (15M)
}
Event: 2.177 {heap Before GC invocations=9 (full 0):
 garbage-first heap   total reserved 2070528K, committed 24576K, used 17100K [0x0000000081a00000, 0x0000000100000000)
  region size 1M, 9 eden (9M), 2 survivor (2M), 6 old (6M), 1 humongous (1M), 6 free (6M)
}
Event: 2.181 {heap After GC invocations=10 (full 0):
 garbage-first heap   total reserved 2070528K, committed 24576K, used 9468K [0x0000000081a00000, 0x0000000100000000)
  region size 1M, 0 eden (0M), 2 survivor (2M), 8 old (8M), 1 humongous (1M), 13 free (13M)
}
Event: 2.225 {heap Before GC invocations=10 (full 0):
 garbage-first heap   total reserved 2070528K, committed 24576K, used 11516K [0x0000000081a00000, 0x0000000100000000)
  region size 1M, 3 eden (3M), 2 survivor (2M), 8 old (8M), 1 humongous (1M), 10 free (10M)
}
Event: 2.228 {heap After GC invocations=11 (full 0):
 garbage-first heap   total reserved 2070528K, committed 24576K, used 10003K [0x0000000081a00000, 0x0000000100000000)
  region size 1M, 0 eden (0M), 2 survivor (2M), 8 old (8M), 1 humongous (1M), 13 free (13M)
}
Event: 2.383 {heap Before GC invocations=12 (full 0):
 garbage-first heap   total reserved 2070528K, committed 24576K, used 18195K [0x0000000081a00000, 0x0000000100000000)
  region size 1M, 8 eden (8M), 2 survivor (2M), 8 old (8M), 1 humongous (1M), 5 free (5M)
}
Event: 2.387 {heap After GC invocations=13 (full 0):
 garbage-first heap   total reserved 2070528K, committed 24576K, used 10700K [0x0000000081a00000, 0x0000000100000000)
  region size 1M, 0 eden (0M), 2 survivor (2M), 9 old (9M), 1 humongous (1M), 12 free (12M)
}
Event: 2.493 {heap Before GC invocations=13 (full 0):
 garbage-first heap   total reserved 2070528K, committed 24576K, used 17868K [0x0000000081a00000, 0x0000000100000000)
  region size 1M, 8 eden (8M), 2 survivor (2M), 9 old (9M), 1 humongous (1M), 4 free (4M)
}
Event: 2.499 {heap After GC invocations=14 (full 0):
 garbage-first heap   total reserved 2070528K, committed 73728K, used 11195K [0x0000000081a00000, 0x0000000100000000)
  region size 1M, 0 eden (0M), 2 survivor (2M), 9 old (9M), 1 humongous (1M), 60 free (60M)
}
Event: 3.609 {heap Before GC invocations=14 (full 0):
 garbage-first heap   total reserved 2070528K, committed 73728K, used 52155K [0x0000000081a00000, 0x0000000100000000)
  region size 1M, 41 eden (41M), 2 survivor (2M), 9 old (9M), 1 humongous (1M), 19 free (19M)
}
Event: 3.620 {heap After GC invocations=15 (full 0):
 garbage-first heap   total reserved 2070528K, committed 73728K, used 14926K [0x0000000081a00000, 0x0000000100000000)
  region size 1M, 0 eden (0M), 5 survivor (5M), 9 old (9M), 1 humongous (1M), 57 free (57M)
}

Metaspace Usage History (20 events):
Event: 0.398 {metaspace Before GC invocations=3 (full 0):
 Metaspace       used 6747K, committed 6912K, reserved 1114112K
  class space    used 573K, committed 640K, reserved 1048576K
}
Event: 0.400 {metaspace After GC invocations=4 (full 0):
 Metaspace       used 6747K, committed 6912K, reserved 1114112K
  class space    used 573K, committed 640K, reserved 1048576K
}
Event: 0.868 {metaspace Before GC invocations=5 (full 0):
 Metaspace       used 11531K, committed 11648K, reserved 1114112K
  class space    used 1121K, committed 1152K, reserved 1048576K
}
Event: 0.872 {metaspace After GC invocations=6 (full 0):
 Metaspace       used 11531K, committed 11648K, reserved 1114112K
  class space    used 1121K, committed 1152K, reserved 1048576K
}
Event: 1.091 {metaspace Before GC invocations=6 (full 0):
 Metaspace       used 13600K, committed 13760K, reserved 1114112K
  class space    used 1410K, committed 1472K, reserved 1048576K
}
Event: 1.095 {metaspace After GC invocations=7 (full 0):
 Metaspace       used 13600K, committed 13760K, reserved 1114112K
  class space    used 1410K, committed 1472K, reserved 1048576K
}
Event: 1.745 {metaspace Before GC invocations=7 (full 0):
 Metaspace       used 16462K, committed 16704K, reserved 1114112K
  class space    used 1762K, committed 1856K, reserved 1048576K
}
Event: 1.750 {metaspace After GC invocations=8 (full 0):
 Metaspace       used 16462K, committed 16704K, reserved 1114112K
  class space    used 1762K, committed 1856K, reserved 1048576K
}
Event: 2.047 {metaspace Before GC invocations=8 (full 0):
 Metaspace       used 17957K, committed 18176K, reserved 1114112K
  class space    used 2019K, committed 2112K, reserved 1048576K
}
Event: 2.053 {metaspace After GC invocations=9 (full 0):
 Metaspace       used 17957K, committed 18176K, reserved 1114112K
  class space    used 2019K, committed 2112K, reserved 1048576K
}
Event: 2.177 {metaspace Before GC invocations=9 (full 0):
 Metaspace       used 20629K, committed 20864K, reserved 1114112K
  class space    used 2363K, committed 2496K, reserved 1048576K
}
Event: 2.181 {metaspace After GC invocations=10 (full 0):
 Metaspace       used 20629K, committed 20864K, reserved 1114112K
  class space    used 2363K, committed 2496K, reserved 1048576K
}
Event: 2.225 {metaspace Before GC invocations=10 (full 0):
 Metaspace       used 21273K, committed 21504K, reserved 1114112K
  class space    used 2439K, committed 2560K, reserved 1048576K
}
Event: 2.228 {metaspace After GC invocations=11 (full 0):
 Metaspace       used 21273K, committed 21504K, reserved 1114112K
  class space    used 2439K, committed 2560K, reserved 1048576K
}
Event: 2.383 {metaspace Before GC invocations=12 (full 0):
 Metaspace       used 23723K, committed 24000K, reserved 1114112K
  class space    used 2771K, committed 2880K, reserved 1048576K
}
Event: 2.387 {metaspace After GC invocations=13 (full 0):
 Metaspace       used 23723K, committed 24000K, reserved 1114112K
  class space    used 2771K, committed 2880K, reserved 1048576K
}
Event: 2.493 {metaspace Before GC invocations=13 (full 0):
 Metaspace       used 25958K, committed 26240K, reserved 1114112K
  class space    used 3075K, committed 3200K, reserved 1048576K
}
Event: 2.499 {metaspace After GC invocations=14 (full 0):
 Metaspace       used 25958K, committed 26240K, reserved 1114112K
  class space    used 3075K, committed 3200K, reserved 1048576K
}
Event: 3.609 {metaspace Before GC invocations=14 (full 0):
 Metaspace       used 31406K, committed 31680K, reserved 1114112K
  class space    used 3881K, committed 4032K, reserved 1048576K
}
Event: 3.620 {metaspace After GC invocations=15 (full 0):
 Metaspace       used 31406K, committed 31680K, reserved 1114112K
  class space    used 3881K, committed 4032K, reserved 1048576K
}

Dll operation events (12 events):
Event: 0.012 Attempting to load shared library C:\Users\INDIA\AppData\Roaming\Code\User\globalStorage\pleiades.java-extension-pack-jdk\java\latest\bin\java.dll
Event: 0.014 Loaded shared library C:\Users\INDIA\AppData\Roaming\Code\User\globalStorage\pleiades.java-extension-pack-jdk\java\latest\bin\java.dll
Event: 0.228 Attempting to load shared library C:\Users\INDIA\AppData\Roaming\Code\User\globalStorage\pleiades.java-extension-pack-jdk\java\latest\bin\net.dll
Event: 0.229 Loaded shared library C:\Users\INDIA\AppData\Roaming\Code\User\globalStorage\pleiades.java-extension-pack-jdk\java\latest\bin\net.dll
Event: 0.231 Attempting to load shared library C:\Users\INDIA\AppData\Roaming\Code\User\globalStorage\pleiades.java-extension-pack-jdk\java\latest\bin\nio.dll
Event: 0.232 Loaded shared library C:\Users\INDIA\AppData\Roaming\Code\User\globalStorage\pleiades.java-extension-pack-jdk\java\latest\bin\nio.dll
Event: 0.243 Attempting to load shared library C:\Users\INDIA\AppData\Roaming\Code\User\globalStorage\pleiades.java-extension-pack-jdk\java\latest\bin\zip.dll
Event: 0.243 Loaded shared library C:\Users\INDIA\AppData\Roaming\Code\User\globalStorage\pleiades.java-extension-pack-jdk\java\latest\bin\zip.dll
Event: 0.421 Attempting to load shared library C:\Users\INDIA\AppData\Roaming\Code\User\globalStorage\pleiades.java-extension-pack-jdk\java\latest\bin\jimage.dll
Event: 0.421 Loaded shared library C:\Users\INDIA\AppData\Roaming\Code\User\globalStorage\pleiades.java-extension-pack-jdk\java\latest\bin\jimage.dll
Event: 2.556 Attempting to load shared library C:\Users\INDIA\AppData\Roaming\Code\User\globalStorage\pleiades.java-extension-pack-jdk\java\latest\bin\sunmscapi.dll
Event: 2.558 Loaded shared library C:\Users\INDIA\AppData\Roaming\Code\User\globalStorage\pleiades.java-extension-pack-jdk\java\latest\bin\sunmscapi.dll

Deoptimization events (2 events):
Event: 1.855 Thread 0x0000021d5d419660 DEOPT PACKING pc=0x0000021d6667e1a4 sp=0x00000058c46fc350
Event: 1.855 Thread 0x0000021d5d419660 DEOPT UNPACKING pc=0x0000021d66381a02 sp=0x00000058c46fb848 mode 0

Classes loaded (20 events):
Event: 3.917 Loading class java/lang/invoke/MethodHandles$1
Event: 3.917 Loading class java/lang/invoke/MethodHandles$1 done
Event: 3.917 Loading class java/lang/invoke/BoundMethodHandle$Species_LI
Event: 3.917 Loading class java/lang/invoke/BoundMethodHandle$Species_LI done
Event: 3.917 Loading class java/lang/invoke/ClassSpecializer$Factory$1
Event: 3.920 Loading class java/lang/invoke/ClassSpecializer$Factory$1 done
Event: 3.920 Loading class java/lang/invoke/ClassSpecializer$Factory$1$1
Event: 3.920 Loading class java/lang/invoke/ClassSpecializer$Factory$1$1 done
Event: 3.921 Loading class java/lang/invoke/ClassSpecializer$Factory$1$1Var
Event: 3.921 Loading class java/lang/invoke/ClassSpecializer$Factory$1$1Var done
Event: 3.922 Loading class java/lang/invoke/ClassSpecializer$Factory$1$2
Event: 3.922 Loading class java/lang/invoke/ClassSpecializer$Factory$1$2 done
Event: 3.923 Loading class java/lang/invoke/ClassSpecializer$Factory$1$3
Event: 3.923 Loading class java/lang/invoke/ClassSpecializer$Factory$1$3 done
Event: 3.925 Loading class java/lang/invoke/ClassSpecializer$Factory$1$4
Event: 3.925 Loading class java/lang/invoke/ClassSpecializer$Factory$1$4 done
Event: 3.926 Loading class java/lang/invoke/ClassSpecializer$Factory$1$5
Event: 3.926 Loading class java/lang/invoke/ClassSpecializer$Factory$1$5 done
Event: 3.926 Loading class java/lang/invoke/ClassSpecializer$Factory$1$5$1
Event: 3.927 Loading class java/lang/invoke/ClassSpecializer$Factory$1$5$1 done

Classes unloaded (0 events):
No events

Classes redefined (0 events):
No events

Internal exceptions (20 events):
Event: 1.965 Thread 0x0000021d5d419660 Exception <a 'java/lang/NoSuchMethodError'{0x0000000082c2ed08}: 'java.lang.Object java.lang.invoke.DirectMethodHandle$Holder.invokeVirtual(java.lang.Object, java.lang.Object, java.lang.Object)'> (0x0000000082c2ed08) 
thrown [s\src\hotspot\share\interpreter\linkResolver.cpp, line 804]
Event: 1.996 Thread 0x0000021d5d419660 Exception <a 'java/lang/NoSuchMethodError'{0x0000000082b3b390}: 'void java.lang.invoke.DirectMethodHandle$Holder.invokeVirtual(java.lang.Object, java.lang.Object, java.lang.Object, java.lang.Object)'> (0x0000000082b3b390) 
thrown [s\src\hotspot\share\interpreter\linkResolver.cpp, line 804]
Event: 2.089 Thread 0x0000021d5d419660 Exception <a 'java/lang/NoSuchMethodError'{0x0000000082f2f830}: 'int java.lang.invoke.DirectMethodHandle$Holder.invokeVirtual(java.lang.Object, java.lang.Object)'> (0x0000000082f2f830) 
thrown [s\src\hotspot\share\interpreter\linkResolver.cpp, line 804]
Event: 2.102 Thread 0x0000021d5d419660 Exception <a 'java/lang/IncompatibleClassChangeError'{0x0000000082e6d5d0}: Found class java.lang.Object, but interface was expected> (0x0000000082e6d5d0) 
thrown [s\src\hotspot\share\interpreter\linkResolver.cpp, line 871]
Event: 2.155 Thread 0x0000021d73a69300 Exception <a 'java/lang/NoSuchMethodError'{0x0000000082aa5610}: 'java.lang.Object java.lang.invoke.Invokers$Holder.linkToTargetMethod(java.lang.Object, int, java.lang.Object, java.lang.Object)'> (0x0000000082aa5610) 
thrown [s\src\hotspot\share\interpreter\linkResolver.cpp, line 804]
Event: 2.418 Thread 0x0000021d73a69300 Exception <a 'java/lang/NoSuchMethodError'{0x0000000082fd6778}: 'long java.lang.invoke.DirectMethodHandle$Holder.invokeSpecial(java.lang.Object, java.lang.Object)'> (0x0000000082fd6778) 
thrown [s\src\hotspot\share\interpreter\linkResolver.cpp, line 804]
Event: 2.419 Thread 0x0000021d73a69300 Exception <a 'java/lang/NoSuchMethodError'{0x0000000082ff46b0}: 'long java.lang.invoke.DirectMethodHandle$Holder.invokeStatic(java.lang.Object, java.lang.Object)'> (0x0000000082ff46b0) 
thrown [s\src\hotspot\share\interpreter\linkResolver.cpp, line 804]
Event: 2.419 Thread 0x0000021d73a69300 Exception <a 'java/lang/NoSuchMethodError'{0x0000000082ffc470}: 'long java.lang.invoke.DirectMethodHandle$Holder.invokeStaticInit(java.lang.Object, java.lang.Object)'> (0x0000000082ffc470) 
thrown [s\src\hotspot\share\interpreter\linkResolver.cpp, line 804]
Event: 2.422 Thread 0x0000021d73a69300 Exception <a 'java/lang/NoSuchMethodError'{0x0000000082e42250}: 'long java.lang.invoke.DirectMethodHandle$Holder.invokeInterface(java.lang.Object, java.lang.Object)'> (0x0000000082e42250) 
thrown [s\src\hotspot\share\interpreter\linkResolver.cpp, line 804]
Event: 2.423 Thread 0x0000021d73a69300 Exception <a 'java/lang/IncompatibleClassChangeError'{0x0000000082e49f08}: Found class java.lang.Object, but interface was expected> (0x0000000082e49f08) 
thrown [s\src\hotspot\share\interpreter\linkResolver.cpp, line 871]
Event: 2.466 Thread 0x0000021d5d419660 Exception <a 'java/lang/NoSuchMethodError'{0x0000000082b6f7a8}: 'int java.lang.invoke.DirectMethodHandle$Holder.invokeSpecial(java.lang.Object, java.lang.Object, java.lang.Object, java.lang.Object, java.lang.Object)'> (0x0000000082b6f7a8) 
thrown [s\src\hotspot\share\interpreter\linkResolver.cpp, line 804]
Event: 2.468 Thread 0x0000021d5d419660 Exception <a 'java/lang/NoSuchMethodError'{0x0000000082b81698}: 'void java.lang.invoke.DirectMethodHandle$Holder.invokeVirtual(java.lang.Object, java.lang.Object)'> (0x0000000082b81698) 
thrown [s\src\hotspot\share\interpreter\linkResolver.cpp, line 804]
Event: 2.484 Thread 0x0000021d73a69300 Exception <a 'java/lang/NoSuchMethodError'{0x0000000082a956f8}: 'java.lang.Object java.lang.invoke.DirectMethodHandle$Holder.newInvokeSpecial(java.lang.Object, java.lang.Object, java.lang.Object, int)'> (0x0000000082a956f8) 
thrown [s\src\hotspot\share\interpreter\linkResolver.cpp, line 804]
Event: 2.484 Thread 0x0000021d73a69300 Exception <a 'java/lang/NoSuchMethodError'{0x0000000082a9e210}: 'java.lang.Object java.lang.invoke.Invokers$Holder.linkToTargetMethod(java.lang.Object, java.lang.Object, int, java.lang.Object)'> (0x0000000082a9e210) 
thrown [s\src\hotspot\share\interpreter\linkResolver.cpp, line 804]
Event: 2.693 Thread 0x0000021d5d419660 Exception <a 'java/lang/IncompatibleClassChangeError'{0x0000000085881f50}: Found class java.lang.Object, but interface was expected> (0x0000000085881f50) 
thrown [s\src\hotspot\share\interpreter\linkResolver.cpp, line 871]
Event: 3.747 Thread 0x0000021d5d419660 Exception <a 'java/lang/NoSuchMethodError'{0x0000000085d7b000}: 'java.lang.Object java.lang.invoke.DirectMethodHandle$Holder.newInvokeSpecial(java.lang.Object, java.lang.Object, java.lang.Object, java.lang.Object, java.lang.Object, java.lang.Object)'> (0x0000000085d7b000) 
thrown [s\src\hotspot\share\interpreter\linkResolver.cpp, line 804]
Event: 3.908 Thread 0x0000021d5d419660 Exception <a 'java/lang/NoSuchMethodError'{0x0000000085acee00}: 'void java.lang.invoke.DirectMethodHandle$Holder.invokeSpecial(java.lang.Object, java.lang.Object, java.lang.Object, java.lang.Object, java.lang.Object, java.lang.Object)'> (0x0000000085acee00) 
thrown [s\src\hotspot\share\interpreter\linkResolver.cpp, line 804]
Event: 3.916 Thread 0x0000021d5d419660 Exception <a 'java/lang/NoSuchMethodError'{0x00000000859248c8}: 'void java.lang.invoke.DirectMethodHandle$Holder.invokeVirtual(java.lang.Object, java.lang.Object, int)'> (0x00000000859248c8) 
thrown [s\src\hotspot\share\interpreter\linkResolver.cpp, line 804]
Event: 3.928 Thread 0x0000021d5d419660 Exception <a 'java/lang/NoSuchMethodError'{0x000000008593cc40}: 'java.lang.Object java.lang.invoke.DirectMethodHandle$Holder.invokeStatic(java.lang.Object, java.lang.Object, java.lang.Object, java.lang.Object, int)'> (0x000000008593cc40) 
thrown [s\src\hotspot\share\interpreter\linkResolver.cpp, line 804]
Event: 3.931 Thread 0x0000021d5d419660 Exception <a 'java/lang/NoSuchMethodError'{0x0000000085955370}: 'void java.lang.invoke.DelegatingMethodHandle$Holder.reinvoke_L(java.lang.Object, java.lang.Object, int)'> (0x0000000085955370) 
thrown [s\src\hotspot\share\interpreter\linkResolver.cpp, line 804]

VM Operations (20 events):
Event: 2.700 Executing non-safepoint VM operation: HandshakeAllThreads (Deoptimize)
Event: 2.700 Executing non-safepoint VM operation: HandshakeAllThreads (Deoptimize) done
Event: 3.017 Executing non-safepoint VM operation: HandshakeAllThreads (Deoptimize)
Event: 3.017 Executing non-safepoint VM operation: HandshakeAllThreads (Deoptimize) done
Event: 3.493 Executing non-safepoint VM operation: HandshakeAllThreads (Deoptimize)
Event: 3.493 Executing non-safepoint VM operation: HandshakeAllThreads (Deoptimize) done
Event: 3.494 Executing non-safepoint VM operation: HandshakeAllThreads (Deoptimize)
Event: 3.494 Executing non-safepoint VM operation: HandshakeAllThreads (Deoptimize) done
Event: 3.505 Executing non-safepoint VM operation: HandshakeAllThreads (Deoptimize)
Event: 3.505 Executing non-safepoint VM operation: HandshakeAllThreads (Deoptimize) done
Event: 3.509 Executing non-safepoint VM operation: HandshakeAllThreads (Deoptimize)
Event: 3.509 Executing non-safepoint VM operation: HandshakeAllThreads (Deoptimize) done
Event: 3.521 Executing non-safepoint VM operation: HandshakeAllThreads (Deoptimize)
Event: 3.521 Executing non-safepoint VM operation: HandshakeAllThreads (Deoptimize) done
Event: 3.570 Executing non-safepoint VM operation: HandshakeAllThreads (Deoptimize)
Event: 3.570 Executing non-safepoint VM operation: HandshakeAllThreads (Deoptimize) done
Event: 3.609 Executing safepoint VM operation: G1CollectForAllocation (G1 Evacuation Pause)
Event: 3.621 Executing safepoint VM operation: G1CollectForAllocation (G1 Evacuation Pause) done
Event: 3.974 Executing non-safepoint VM operation: HandshakeAllThreads (Deoptimize)
Event: 3.974 Executing non-safepoint VM operation: HandshakeAllThreads (Deoptimize) done

Memory protections (0 events):
No events

Nmethod flushes (8 events):
Event: 2.243 Thread 0x0000021d5d4a2430 flushing  nmethod 0x0000021d66445d88
Event: 2.243 Thread 0x0000021d5d4a2430 flushing  nmethod 0x0000021d664d4108
Event: 2.243 Thread 0x0000021d5d4a2430 flushing  nmethod 0x0000021d664d4708
Event: 2.243 Thread 0x0000021d5d4a2430 flushing  nmethod 0x0000021d664d6a08
Event: 2.243 Thread 0x0000021d5d4a2430 flushing  nmethod 0x0000021d664d7308
Event: 2.243 Thread 0x0000021d5d4a2430 flushing  nmethod 0x0000021d6659de08
Event: 2.243 Thread 0x0000021d5d4a2430 flushing  nmethod 0x0000021d665a8908
Event: 2.243 Thread 0x0000021d5d4a2430 flushing  nmethod 0x0000021d665a1d08

Events (19 events):
Event: 0.039 Thread 0x0000021d5d419660 Thread added: 0x0000021d5d419660
Event: 0.070 Thread 0x0000021d5d419660 JVMTI - enter early start phase
Event: 0.111 Thread 0x0000021d5d419660 Thread added: 0x0000021d6e2616a0
Event: 0.111 Thread 0x0000021d5d419660 Thread added: 0x0000021d6e262e60
Event: 0.113 Thread 0x0000021d5d419660 Thread added: 0x0000021d6e283430
Event: 0.113 Thread 0x0000021d5d419660 Thread added: 0x0000021d6e263e10
Event: 0.113 Thread 0x0000021d5d419660 Thread added: 0x0000021d6e2649c0
Event: 0.113 Thread 0x0000021d5d419660 Thread added: 0x0000021d6e265570
Event: 0.113 Thread 0x0000021d5d419660 Thread added: 0x0000021d6e269d30
Event: 0.202 Thread 0x0000021d6e269d30 Thread added: 0x0000021d6e3adea0
Event: 0.202 Thread 0x0000021d6e269d30 Thread added: 0x0000021d6e3b26b0
Event: 0.205 Thread 0x0000021d5d419660 JVMTI - enter start phase
Event: 0.205 Thread 0x0000021d5d419660 JVMTI - enter live phase
Event: 0.205 Thread 0x0000021d5d419660 Thread added: 0x0000021d6e3bb7f0
Event: 0.210 Thread 0x0000021d5d419660 Thread added: 0x0000021d6e3cc200
Event: 2.086 Thread 0x0000021d5d419660 Thread added: 0x0000021d73a69300
Event: 2.610 Thread 0x0000021d73a69300 Thread exited: 0x0000021d73a69300
Event: 2.659 Thread 0x0000021d5d419660 Thread added: 0x0000021d73d77c80
Event: 2.687 Thread 0x0000021d73d77c80 Thread exited: 0x0000021d73d77c80


Dynamic libraries:
0x00007ff655370000 - 0x00007ff65537e000 	C:\Users\INDIA\AppData\Roaming\Code\User\globalStorage\pleiades.java-extension-pack-jdk\java\latest\bin\java.exe
0x00007ffc439d0000 - 0x00007ffc43bc8000 	C:\Windows\SYSTEM32\ntdll.dll
0x00007ffc420d0000 - 0x00007ffc42192000 	C:\Windows\System32\KERNEL32.DLL
0x00007ffc416a0000 - 0x00007ffc41996000 	C:\Windows\System32\KERNELBASE.dll
0x00007ffc412e0000 - 0x00007ffc413e0000 	C:\Windows\System32\ucrtbase.dll
0x00007ffc39990000 - 0x00007ffc399a7000 	C:\Users\INDIA\AppData\Roaming\Code\User\globalStorage\pleiades.java-extension-pack-jdk\java\latest\bin\jli.dll
0x00007ffc437a0000 - 0x00007ffc43941000 	C:\Windows\System32\USER32.dll
0x00007ffc413e0000 - 0x00007ffc41402000 	C:\Windows\System32\win32u.dll
0x00007ffc421a0000 - 0x00007ffc421cb000 	C:\Windows\System32\GDI32.dll
0x00007ffc41090000 - 0x00007ffc411a9000 	C:\Windows\System32\gdi32full.dll
0x00007ffc411b0000 - 0x00007ffc4124d000 	C:\Windows\System32\msvcp_win.dll
0x00007ffc2f630000 - 0x00007ffc2f64e000 	C:\Users\INDIA\AppData\Roaming\Code\User\globalStorage\pleiades.java-extension-pack-jdk\java\latest\bin\VCRUNTIME140.dll
0x00007ffc40480000 - 0x00007ffc4071b000 	C:\Windows\WinSxS\amd64_microsoft.windows.common-controls_6595b64144ccf1df_6.0.19041.6456_none_60b8a6cb71f64256\COMCTL32.dll
0x00007ffc42880000 - 0x00007ffc4291e000 	C:\Windows\System32\msvcrt.dll
0x00007ffc43950000 - 0x00007ffc4397f000 	C:\Windows\System32\IMM32.DLL
0x00007ffc3acf0000 - 0x00007ffc3acfc000 	C:\Users\INDIA\AppData\Roaming\Code\User\globalStorage\pleiades.java-extension-pack-jdk\java\latest\bin\vcruntime140_1.dll
0x00007ffc25520000 - 0x00007ffc255ad000 	C:\Users\INDIA\AppData\Roaming\Code\User\globalStorage\pleiades.java-extension-pack-jdk\java\latest\bin\msvcp140.dll
0x00007ffbd99b0000 - 0x00007ffbda94b000 	C:\Users\INDIA\AppData\Roaming\Code\User\globalStorage\pleiades.java-extension-pack-jdk\java\latest\bin\server\jvm.dll
0x00007ffc42760000 - 0x00007ffc42811000 	C:\Windows\System32\ADVAPI32.dll
0x00007ffc432f0000 - 0x00007ffc4338f000 	C:\Windows\System32\sechost.dll
0x00007ffc41a50000 - 0x00007ffc41b70000 	C:\Windows\System32\RPCRT4.dll
0x00007ffc41060000 - 0x00007ffc41087000 	C:\Windows\System32\bcrypt.dll
0x00007ffc43390000 - 0x00007ffc433fb000 	C:\Windows\System32\WS2_32.dll
0x00007ffc40ec0000 - 0x00007ffc40f0b000 	C:\Windows\SYSTEM32\POWRPROF.dll
0x00007ffc2b900000 - 0x00007ffc2b927000 	C:\Windows\SYSTEM32\WINMM.dll
0x00007ffc3ea00000 - 0x00007ffc3ea0a000 	C:\Windows\SYSTEM32\VERSION.dll
0x00007ffc40ea0000 - 0x00007ffc40eb2000 	C:\Windows\SYSTEM32\UMPDC.dll
0x00007ffc3e040000 - 0x00007ffc3e052000 	C:\Windows\SYSTEM32\kernel.appcore.dll
0x00007ffc3ac20000 - 0x00007ffc3ac2a000 	C:\Users\INDIA\AppData\Roaming\Code\User\globalStorage\pleiades.java-extension-pack-jdk\java\latest\bin\jimage.dll
0x00007ffc409b0000 - 0x00007ffc40bb1000 	C:\Windows\SYSTEM32\DBGHELP.DLL
0x00007ffc408f0000 - 0x00007ffc40924000 	C:\Windows\SYSTEM32\dbgcore.DLL
0x00007ffc41250000 - 0x00007ffc412d2000 	C:\Windows\System32\bcryptPrimitives.dll
0x00007ffc2d1d0000 - 0x00007ffc2d1ee000 	C:\Users\INDIA\AppData\Roaming\Code\User\globalStorage\pleiades.java-extension-pack-jdk\java\latest\bin\java.dll
0x00007ffc43670000 - 0x00007ffc4379b000 	C:\Windows\System32\ole32.dll
0x00007ffc42400000 - 0x00007ffc42754000 	C:\Windows\System32\combase.dll
0x00007ffc42ad0000 - 0x00007ffc43240000 	C:\Windows\System32\SHELL32.dll
0x00007ffc3e240000 - 0x00007ffc3e9e5000 	C:\Windows\SYSTEM32\windows.storage.dll
0x00007ffc401b0000 - 0x00007ffc401db000 	C:\Windows\SYSTEM32\Wldp.dll
0x00007ffc42310000 - 0x00007ffc423dd000 	C:\Windows\System32\OLEAUT32.dll
0x00007ffc43240000 - 0x00007ffc432ed000 	C:\Windows\System32\SHCORE.dll
0x00007ffc42820000 - 0x00007ffc4287b000 	C:\Windows\System32\shlwapi.dll
0x00007ffc40f90000 - 0x00007ffc40fb4000 	C:\Windows\SYSTEM32\profapi.dll
0x00007ffc2cfb0000 - 0x00007ffc2cfc1000 	C:\Users\INDIA\AppData\Roaming\Code\User\globalStorage\pleiades.java-extension-pack-jdk\java\latest\bin\net.dll
0x00007ffc40020000 - 0x00007ffc4008a000 	C:\Windows\system32\mswsock.dll
0x00007ffc26be0000 - 0x00007ffc26bf6000 	C:\Users\INDIA\AppData\Roaming\Code\User\globalStorage\pleiades.java-extension-pack-jdk\java\latest\bin\nio.dll
0x00007ffc21160000 - 0x00007ffc21176000 	C:\Users\INDIA\AppData\Roaming\Code\User\globalStorage\pleiades.java-extension-pack-jdk\java\latest\bin\zip.dll
0x00007ffc3b080000 - 0x00007ffc3b08e000 	C:\Users\INDIA\AppData\Roaming\Code\User\globalStorage\pleiades.java-extension-pack-jdk\java\latest\bin\sunmscapi.dll
0x00007ffc41410000 - 0x00007ffc4156d000 	C:\Windows\System32\CRYPT32.dll
0x00007ffc40360000 - 0x00007ffc40387000 	C:\Windows\SYSTEM32\ncrypt.dll
0x00007ffc40320000 - 0x00007ffc4035b000 	C:\Windows\SYSTEM32\NTASN1.dll

JVMTI agents: none

dbghelp: loaded successfully - version: 4.0.5 - missing functions: none
symbol engine: initialized successfully - sym options: 0x614 - pdb path: .;C:\Users\INDIA\AppData\Roaming\Code\User\globalStorage\pleiades.java-extension-pack-jdk\java\latest\bin;C:\Windows\SYSTEM32;C:\Windows\WinSxS\amd64_microsoft.windows.common-controls_6595b64144ccf1df_6.0.19041.6456_none_60b8a6cb71f64256;C:\Users\INDIA\AppData\Roaming\Code\User\globalStorage\pleiades.java-extension-pack-jdk\java\latest\bin\server

VM Arguments:
jvm_args: -Dstdout.encoding=UTF-8 -Dstderr.encoding=UTF-8 -XX:TieredStopAtLevel=1 
java_command: com.example.inventory_service.InventoryServiceApplication
java_class_path (initial): C:\EPIC01\microservices\inventory-service\target\classes;C:\Users\INDIA\.m2\repository\ch\qos\logback\logback-classic\1.5.38\logback-classic-1.5.38.jar;C:\Users\INDIA\.m2\repository\ch\qos\logback\logback-core\1.5.38\logback-core-1.5.38.jar;C:\Users\INDIA\.m2\repository\org\apache\logging\log4j\log4j-to-slf4j\2.25.5\log4j-to-slf4j-2.25.5.jar;C:\Users\INDIA\.m2\repository\org\apache\logging\log4j\log4j-api\2.25.5\log4j-api-2.25.5.jar;C:\Users\INDIA\.m2\repository\org\slf4j\jul-to-slf4j\2.0.18\jul-to-slf4j-2.0.18.jar;C:\Users\INDIA\.m2\repository\org\springframework\boot\spring-boot-autoconfigure\4.1.1\spring-boot-autoconfigure-4.1.1.jar;C:\Users\INDIA\.m2\repository\jakarta\annotation\jakarta.annotation-api\3.0.0\jakarta.annotation-api-3.0.0.jar;C:\Users\INDIA\.m2\repository\org\yaml\snakeyaml\2.6\snakeyaml-2.6.jar;C:\Users\INDIA\.m2\repository\com\zaxxer\HikariCP\7.0.2\HikariCP-7.0.2.jar;C:\Users\INDIA\.m2\repository\org\slf4j\slf4j-api\2.0.18\slf4j-api-2.0.18.jar;C:\Users\INDIA\.m2\repository\org\springframework\boot\spring-boot-data-jpa\4.1.1\spring-boot-data-jpa-4.1.1.jar;C:\Users\INDIA\.m2\repository\org\springframework\boot\spring-boot-data-commons\4.1.1\spring-boot-data-commons-4.1.1.jar;C:\Users\INDIA\.m2\repository\org\springframework\boot\spring-boot-persistence\4.1.1\spring-boot-persistence-4.1.1.jar;C:\Users\INDIA\.m2\repository\org\springframework\data\spring-data-commons\4.1.1\spring-data-commons-4.1.1.jar;C:\Users\INDIA\.m2\repository\org\springframework\boot\spring-boot-hibernate\4.1.1\spring-boot-hibernate-4.1.1.jar;C:\Users\INDIA\.m2\repository\org\springframework\boot\spring-boot-jpa\4.1.1\spring-boot-jpa-4.1.1.jar;C:\Users\INDIA\.m2\repository\jakarta\persistence\jakarta.persistence-api\3.2.0\jakarta.persistence-api-3.2.0.jar;C:\Users\INDIA\.m2\repository\org\hibernate\orm\hibernate-core\7.4.5.Final\hibernate-core-7.4.5.Final.jar;C:\Users\INDIA\.m2\repository\jakarta\transaction\jakarta.transaction-api\2.0.1\jakarta.transaction-api-2.0.1.jar;C:\Users\INDIA\.m2\repository\org\jboss\logging\jboss-logging\3.6.3.Final\jboss-logging-3.6.3.Final.jar;C:\Users\INDIA\.m2\repository\org\hibernate\models\hibernate-models\1.1.1\hibernate-models-1.1.1.jar;C:\Users\INDIA\.m2\repository\org\glassfish\jaxb\jaxb-runtime\4.0.9\jaxb-runtime-4.0.9.jar;C:\Users\INDIA\.m2\repository\org\glassfish\jaxb\jaxb-core\4.0.9\jaxb-core-4.0.9.jar;C:\Users\INDIA\.m2\repository\org\eclipse\angus\angus-activation\2.0.3\angus-activation-2.0.3.jar;C:\Users\INDIA\.m2\repository\org\glassfish\jaxb\txw2\4.0.9\txw2-4.0.9.jar;C:\Users\INDIA\.m2\repository\com\sun\istack\istack-commons-runtime\4.1.2\istack-commons-runtime-4.1.2.jar;C:\Users\INDIA\.m2\repository\jakarta\inject\jakarta.inject-api\2.0.1\jakarta.inject-api-2.0.1.jar;C:\Users\INDIA\.m2\repository\org\springframework\spring-orm\7.0.9\spring-orm-7.0.9.jar;C:\Users\INDIA\.m2\repository\org\springframework\data\spring-data-jpa\4.1.1\spring-data-jpa-4.1.1.jar;C:\Users\INDIA\.m2\repository\org\springframework\spring-context\7.0.9\spring-context-7.0.9.jar;C:\Users\INDIA\.m2\repository\org\springframework\spring-aop\7.0.9\spring-aop-7.0.9.jar;C:\Users\INDIA\.m2\repository\org\springframework\spring-tx\7.0.9\spring-tx-7.0.9.jar;C:\Users\INDIA\.m2\repository\org\springframework\spring-beans\7.0.9\spring-beans-7.0.9.jar;C:\Users\INDIA\.m2\repository\org\antlr\antlr4-runtime\4.13.2\antlr4-runtime-4.13.2.jar;C:\Users\INDIA\.m2\repository\org\springframework\spring-aspects\7.0.9\spring-aspects-7.0.9.jar;C:\Users\INDIA\.m2\repository\org\aspectj\aspectjweaver\1.9.25.1\aspectjweaver-1.9.25.1.jar;C:\Users\INDIA\.m2\repository\org\springframework\boot\spring-boot-jdbc\4.1.1\spring-boot-jdbc-4.1.1.jar;C:\Users\INDIA\.m2\repository\org\springframework\boot\spring-boot\4.1.1\spring-boot-4.1.1.jar;C:\Users\INDIA\.m2\repository\org\springframework\boot\spring-boot-sql\4.1.1\spring-boot-sql-4.1.1.jar;C:\Users\INDIA\.m2\repository\org\springframework\boot\spring-boot-transaction\4.1.1\spring-boot-transaction-4.1.1.jar;C:\Users\INDIA\.m2\repository\org\springframework\spring-jdbc\7.0.9\spring-jdbc-7.0.9.jar;C:\Users\INDIA\.m2\repository\org\springframework\boot\spring-boot-jackson\4.1.1\spring-boot-jackson-4.1.1.jar;C:\Users\INDIA\.m2\repository\tools\jackson\core\jackson-databind\3.1.5\jackson-databind-3.1.5.jar;C:\Users\INDIA\.m2\repository\com\fasterxml\jackson\core\jackson-annotations\2.21\jackson-annotations-2.21.jar;C:\Users\INDIA\.m2\repository\tools\jackson\core\jackson-core\3.1.5\jackson-core-3.1.5.jar;C:\Users\INDIA\.m2\repository\org\apache\tomcat\embed\tomcat-embed-core\11.0.24\tomcat-embed-core-11.0.24.jar;C:\Users\INDIA\.m2\repository\org\apache\tomcat\embed\tomcat-embed-el\11.0.24\tomcat-embed-el-11.0.24.jar;C:\Users\INDIA\.m2\repository\org\apache\tomcat\embed\tomcat-embed-websocket\11.0.24\tomcat-embed-websocket-11.0.24.jar;C:\Users\INDIA\.m2\repository\org\springframework\boot\spring-boot-tomcat\4.1.1\spring-boot-tomcat-4.1.1.jar;C:\Users\INDIA\.m2\repository\org\springframework\boot\spring-boot-http-converter\4.1.1\spring-boot-http-converter-4.1.1.jar;C:\Users\INDIA\.m2\repository\org\springframework\spring-web\7.0.9\spring-web-7.0.9.jar;C:\Users\INDIA\.m2\repository\io\micrometer\micrometer-observation\1.17.1\micrometer-observation-1.17.1.jar;C:\Users\INDIA\.m2\repository\io\micrometer\micrometer-commons\1.17.1\micrometer-commons-1.17.1.jar;C:\Users\INDIA\.m2\repository\org\springframework\boot\spring-boot-webmvc\4.1.1\spring-boot-webmvc-4.1.1.jar;C:\Users\INDIA\.m2\repository\org\springframework\boot\spring-boot-servlet\4.1.1\spring-boot-servlet-4.1.1.jar;C:\Users\INDIA\.m2\repository\org\springframework\spring-webmvc\7.0.9\spring-webmvc-7.0.9.jar;C:\Users\INDIA\.m2\repository\org\springframework\spring-expression\7.0.9\spring-expression-7.0.9.jar;C:\Users\INDIA\.m2\repository\org\springframework\boot\spring-boot-kafka\4.1.1\spring-boot-kafka-4.1.1.jar;C:\Users\INDIA\.m2\repository\org\springframework\kafka\spring-kafka\4.1.1\spring-kafka-4.1.1.jar;C:\Users\INDIA\.m2\repository\org\springframework\spring-messaging\7.0.9\spring-messaging-7.0.9.jar;C:\Users\INDIA\.m2\repository\org\apache\kafka\kafka-clients\4.2.1\kafka-clients-4.2.1.jar;C:\Users\INDIA\.m2\repository\com\github\luben\zstd-jni\1.5.6-10\zstd-jni-1.5.6-10.jar;C:\Users\INDIA\.m2\repository\at\yawk\lz4\lz4-java\1.10.1\lz4-java-1.10.1.jar;C:\Users\INDIA\.m2\repository\org\xerial\snappy\snappy-java\1.1.10.7\snappy-java-1.1.10.7.jar;C:\Users\INDIA\.m2\repository\com\mysql\mysql-connector-j\9.7.0\mysql-connector-j-9.7.0.jar;C:\Users\INDIA\.m2\repository\com\h2database\h2\2.4.240\h2-2.4.240.jar;C:\Users\INDIA\.m2\repository\jakarta\xml\bind\jakarta.xml.bind-api\4.0.5\jakarta.xml.bind-api-4.0.5.jar;C:\Users\INDIA\.m2\repository\jakarta\activation\jakarta.activation-api\2.1.4\jakarta.activation-api-2.1.4.jar;C:\Users\INDIA\.m2\repository\net\bytebuddy\byte-buddy\1.18.11\byte-buddy-1.18.11.jar;C:\Users\INDIA\.m2\repository\org\springframework\spring-core\7.0.9\spring-core-7.0.9.jar;C:\Users\INDIA\.m2\repository\commons-logging\commons-logging\1.3.6\commons-logging-1.3.6.jar;C:\Users\INDIA\.m2\repository\org\jspecify\jspecify\1.0.1\jspecify-1.0.1.jar;C:\Users\INDIA\.m2\repository\org\springframework\boot\spring-boot-web-server\4.1.1\spring-boot-web-server-4.1.1.jar
Launcher Type: SUN_STANDARD

[Global flags]
     bool AOTAdapterCaching                        = false                                  {diagnostic} {ergonomic}
     bool AOTInvokeDynamicLinking                  = false                                  {diagnostic} {ergonomic}
     bool AOTRecordTraining                        = false                                  {diagnostic} {ergonomic}
     bool AOTReplayTraining                        = false                                  {diagnostic} {ergonomic}
     bool AOTStubCaching                           = false                                  {diagnostic} {ergonomic}
     intx CICompilerCount                          = 3                                         {product} {ergonomic}
     uint ConcGCThreads                            = 1                                         {product} {ergonomic}
     uint G1ConcRefinementThreads                  = 4                                         {product} {ergonomic}
     uint G1EagerReclaimRemSetThreshold            = 10                                   {experimental} {ergonomic}
   size_t G1HeapRegionSize                         = 1048576                                   {product} {ergonomic}
     uint G1RemSetArrayOfCardsEntries              = 10                                   {experimental} {ergonomic}
     uint G1RemSetHowlMaxNumBuckets                = 8                                    {experimental} {ergonomic}
     uint G1RemSetHowlNumBuckets                   = 4                                    {experimental} {ergonomic}
   size_t InitialHeapSize                          = 8388608                                   {product} {ergonomic}
     bool IntelJccErratumMitigation                = true                              {ARCH diagnostic} {ergonomic}
   size_t MarkStackSize                            = 4194304                                   {product} {ergonomic}
   size_t MarkStackSizeMax                         = 536870912                                 {product} {ergonomic}
   size_t MaxHeapSize                              = 2120220672                                {product} {ergonomic}
   size_t MaxNewSize                               = 1271922688                                {product} {ergonomic}
 uint64_t MaxRAM                                   = 8476499968                                {product} {ergonomic}
   size_t MinHeapDeltaBytes                        = 1048576                                   {product} {ergonomic}
   size_t MinHeapSize                              = 8388608                                   {product} {ergonomic}
   size_t NonNMethodCodeHeapSize                   = 4096                                   {pd product} {ergonomic}
   size_t NonProfiledCodeHeapSize                  = 0                                      {pd product} {ergonomic}
     bool ProfileInterpreter                       = false                                  {pd product} {command line}
   size_t ProfiledCodeHeapSize                     = 0                                      {pd product} {ergonomic}
   size_t SoftMaxHeapSize                          = 2120220672                             {manageable} {ergonomic}
     intx TieredStopAtLevel                        = 1                                         {product} {command line}
     bool UseCompressedOops                        = true                           {product lp64_product} {ergonomic}
     bool UseCondCardMark                          = true                                      {product} {ergonomic}
     bool UseFastUnorderedTimeStamps               = true                                 {experimental} {ergonomic}
     bool UseG1GC                                  = true                                      {product} {ergonomic}
     bool UseLargePagesIndividualAllocation        = false                                  {pd product} {ergonomic}
      int X86ICacheSync                            = 2                                 {ARCH diagnostic} {ergonomic}

Logging:
Log output configuration:
 #0: stdout all=warning uptime,level,tags foldmultilines=false
 #1: stderr all=off uptime,level,tags foldmultilines=false

Release file:
IMPLEMENTOR="Eclipse Adoptium" 
IMPLEMENTOR_VERSION="Temurin-26.0.2.1+1" 
JAVA_RUNTIME_VERSION="26.0.2.1+1" 
JAVA_VERSION="26.0.2.1" 
JAVA_VERSION_DATE="2026-08-18" 
LIBC="default" 
MODULES="java.base java.compiler java.datatransfer java.xml java.prefs java.desktop java.instrument java.logging java.management java.security.sasl java.naming java.rmi java.management.rmi java.net.http java.scripting java.security.jgss java.transaction.xa java.sql java.sql.rowset java.xml.crypto java.se java.smartcardio jdk.accessibility jdk.internal.jvmstat jdk.attach jdk.charsets jdk.internal.opt jdk.zipfs jdk.compiler jdk.crypto.cryptoki jdk.crypto.ec jdk.crypto.mscapi jdk.dynalink jdk.internal.ed jdk.editpad jdk.internal.vm.ci jdk.graal.compiler jdk.graal.compiler.management jdk.hotspot.agent jdk.httpserver jdk.incubator.vector jdk.internal.le jdk.internal.md jdk.jartool jdk.javadoc jdk.jcmd jdk.management jdk.management.agent jdk.jconsole jdk.jdeps jdk.jdwp.agent jdk.jdi jdk.jfr jdk.jlink jdk.jpackage jdk.jshell jdk.jstatd jdk.localedata jdk.management.jfr jdk.naming.dns jdk.naming.rmi jdk.net jdk.nio.mapmode jdk.sctp jdk.security.auth jdk.security.jgss jdk.unsupported jdk.unsupported.desktop jdk.xml.dom" 
OS_ARCH="x86_64" 
OS_NAME="Windows" 
SOURCE=".:git:6b28bd7149bb" 
BUILD_SOURCE="git:e6ba7dec3d07654074559310376a3ae89da5f4ac"
BUILD_SOURCE_REPO="https://github.com/adoptium/temurin-build.git"
SOURCE_REPO="https://github.com/adoptium/jdk26u.git"
FULL_VERSION="26.0.2.1+1"
SEMANTIC_VERSION="26.0.2.1+1"
BUILD_INFO="OS: Windows Server 2022 Version: 10.0"
JVM_VARIANT="Hotspot"
JVM_VERSION="26.0.2.1+1"
IMAGE_TYPE="JDK"

Environment Variables:
JAVA_HOME=C:\Users\INDIA\AppData\Roaming\Code\User\globalStorage\pleiades.java-extension-pack-jdk\java\latest
JAVA_TOOL_OPTIONS=-Dstdout.encoding=UTF-8 -Dstderr.encoding=UTF-8
PATH=c:\Users\INDIA\AppData\Roaming\Code\User\globalStorage\github.copilot-chat\debugCommand;c:\Users\INDIA\AppData\Roaming\Code\User\globalStorage\github.copilot-chat\copilotCli;C:\Users\INDIA\AppData\Roaming\Code\User\globalStorage\pleiades.java-extension-pack-jdk\gradle\latest\bin;C:\Users\INDIA\AppData\Roaming\Code\User\globalStorage\pleiades.java-extension-pack-jdk\maven\latest\bin;C:\Users\INDIA\AppData\Roaming\Code\User\globalStorage\pleiades.java-extension-pack-jdk\java\latest\bin;C:\Program Files\Eclipse Adoptium\jdk-21.0.12.101-hotspot\bin;C:\Program Files\Common Files\Oracle\Java\javapath;C:\Windows\system32;C:\Windows;C:\Windows\System32\Wbem;C:\Windows\System32\WindowsPowerShell\v1.0\;C:\Windows\System32\OpenSSH\;C:\Program Files\Git\cmd;C:\Program Files\WSL\;C:\Program Files\MySQL\MySQL Shell 8.0\bin\;C:\Users\INDIA\AppData\Local\Microsoft\WindowsApps;C:\Users\INDIA\AppData\Local\Programs\Microsoft VS Code\bin;C:\Users\INDIA\AppData\Local\GitHubDesktop\bin;C:\ProgramData\INDIA\GitHubDesktop\bin;C:\Users\INDIA\AppData\Local\Programs\DockerDesktop\resources\bin;c:\Users\INDIA\.vscode\extensions\vscjava.vscode-java-debug-0.59.0\bundled\scripts\noConfigScripts
USERNAME=INDIA
LANG=en_US.UTF-8
OS=Windows_NT
PROCESSOR_IDENTIFIER=Intel64 Family 6 Model 78 Stepping 3, GenuineIntel
TMP=C:\Users\INDIA\AppData\Local\Temp
TEMP=C:\Users\INDIA\AppData\Local\Temp




Compilation memory statistics disabled.

Periodic native trim disabled

---------------  S Y S T E M  ---------------

OS:
 Windows 10 , 64 bit Build 19041 (10.0.19041.5915)
OS uptime: 8 days 9:03 hours
Hyper-V role detected

CPU: total 4 (initial active 4) (2 cores per cpu, 2 threads per core) family 6 model 78 stepping 3 microcode 0xcc, cx8, cmov, fxsr, ht, mmx, 3dnowpref, sse, sse2, sse3, ssse3, sse4.1, sse4.2, popcnt, lzcnt, tsc, tscinvbit, avx, avx2, aes, erms, clmul, bmi1, bmi2, adx, fma, vzeroupper, clflush, clflushopt, hv, rdtscp, f16c
Processor Information for the first 4 processors :
  Max Mhz: 2401, Current Mhz: 2401, Mhz Limit: 2401

Memory: 4k page, system-wide physical 8083M (358M free)
TotalPageFile size 32659M (AvailPageFile size 34M)
current process WorkingSet (physical memory assigned to process): 146M, peak: 146M
current process commit charge ("private bytes"): 182M, peak: 182M

vm_info: OpenJDK 64-Bit Server VM (26.0.2.1+1) for windows-amd64 JRE (26.0.2.1+1), built on 2026-08-18T00:00:00Z with MS VC++ 17.12 (VS2022)

END.
